id,fkTipoPreparazione,descrizione,isEstivo,isInvernale,allergeni,inizio,fine,dataInserimento,utenteInserimento,dataCancellazione,utenteCancellazione,immagine
19,1,BESCIAMELLA,1,1,"GLUTINE, LATTE",2018-07-06,NULL,"2023-03-22 10:40:35.760000",s.diberti,NULL,NULL,NULL
20,1,"INSALATA RUSSA",1,0,"UOVA, PESCE,",2018-07-06,NULL,"2023-11-08 12:54:30.507000",s.diberti,NULL,NULL,NULL
21,1,"SALSA TONNATA",1,0,"UOVA, PESCE, ANIDRIDE SOLFOROSA E SOLFITI",2018-07-06,NULL,"2023-11-09 08:44:01.747000",v.giurdanella,NULL,NULL,NULL
22,1,"FUNGHI TRIFOLATI",1,1,"ANIDRIDE SOLFOROSA E SOLFITI,",2018-07-06,NULL,"2023-11-08 12:52:17.997000",s.diberti,NULL,NULL,NULL
23,1,MIREPOIX,1,1,SEDANO,2018-07-06,NULL,"2023-11-08 12:54:57.560000",s.diberti,NULL,NULL,NULL
24,1,"SALSA VERDE",0,1,"ANIDRIDE SOLFOROSA E SOLFITI, PESCE, GLUTINE, UOVO",2018-07-09,NULL,"2023-11-09 08:44:50.557000",v.giurdanella,NULL,NULL,NULL
25,1,"SALSA ROSSA",1,1,"ANIDRIDE SOLFOROSA E SOLFITI, PESCE",2018-07-09,NULL,"2023-11-09 08:41:00.930000",v.giurdanella,NULL,NULL,NULL
26,1,"RISO PILAFF",1,1,"SEDANO, LATTE",2018-07-09,NULL,"2023-11-09 08:34:05.600000",v.giurdanella,NULL,NULL,NULL
27,1,"BRODO DI CARNE/POLLO",1,1,SEDANO,2018-07-09,NULL,"2023-11-08 12:36:37.207000",s.diberti,NULL,NULL,NULL
28,1,"SALSA DI POMODORO",1,1,SEDANO,2018-07-09,NULL,"2023-11-09 08:34:56.660000",v.giurdanella,NULL,NULL,NULL
29,2,"PASSATO DI VERDURE",1,1,NULL,2018-07-09,NULL,"2021-02-22 09:43:31.770000",e.governa,NULL,NULL,NULL
30,2,"PASTA  ALLA PAPALINA",0,1,NULL,2018-07-09,NULL,NULL,NULL,NULL,NULL,NULL
31,2,"PASTA  ALLA AMATRICIANA",1,1,NULL,2018-07-09,NULL,NULL,NULL,NULL,NULL,NULL
32,2,"PASTA  PANNA E SPECK",0,1,NULL,2018-07-10,NULL,NULL,NULL,NULL,NULL,NULL
33,2,"PASTA AL TONNO",1,1,NULL,2018-07-10,NULL,NULL,NULL,NULL,NULL,NULL
34,2,"SPAGHETTI AGLIO, OLIO E PEPERONCINO",1,1,NULL,2018-07-10,NULL,NULL,NULL,NULL,NULL,NULL
35,2,"PASTA AL RAGU' DI VERDURE",1,1,NULL,2018-07-10,NULL,"2024-04-19 11:48:57.720000",t.monge,NULL,NULL,NULL
36,2,"PASTA AL SUGO VERDURE PRIMAVERA",1,0,NULL,2018-07-10,NULL,"2023-03-22 10:14:29.647000",s.diberti,NULL,NULL,NULL
37,1,"FONDO BRUNO",1,1,"SEDANO, LATTE, ANIDRIDE SOLFOROSA E SOLFITI, GLUTINE",2018-07-11,NULL,"2023-11-08 12:51:33.217000",s.diberti,NULL,NULL,NULL
38,2,"CREMA DI PATATE",1,1,SEDANO,2018-07-11,NULL,"2023-11-09 08:57:20.460000",v.giurdanella,NULL,NULL,NULL
39,2,"SUGO VERDURE PRIMAVERA",0,0,NULL,2018-07-11,2018-10-04,"2023-03-22 10:16:21.950000",s.diberti,NULL,NULL,NULL
40,2,"PASTA AI BROCCOLI",0,1,NULL,2018-07-11,NULL,NULL,NULL,NULL,NULL,NULL
41,2,"PASTA AL RAGU' DI CARNE",1,1,NULL,2018-07-11,NULL,NULL,NULL,NULL,NULL,NULL
42,2,"PASTA ALLE MELANZANE",1,0,NULL,2018-07-11,NULL,"2023-03-22 10:18:16.280000",s.diberti,NULL,NULL,NULL
43,2,"INSALATA DI RISO",1,0,NULL,2018-07-12,NULL,NULL,NULL,NULL,NULL,NULL
44,2,"PASTA ALLE OLIVE",1,1,NULL,2018-07-12,NULL,"2023-03-22 10:37:38.987000",s.diberti,NULL,NULL,NULL
45,2,"PASTA E LENTICCHIE",1,1,NULL,2018-07-12,NULL,NULL,NULL,NULL,NULL,NULL
46,2,"CREMA DI CAROTE",1,1,SEDANO,2018-07-12,NULL,"2023-11-09 08:53:35.193000",v.giurdanella,NULL,NULL,NULL
47,2,"PASTA E FAGIOLI",0,1,Febbraio2023,2018-07-12,NULL,"2023-02-14 14:11:40.787000",m.cannarozzo,NULL,NULL,NULL
48,2,"PASTA ALLA PESCATORA",1,1,NULL,2018-07-15,NULL,NULL,NULL,NULL,NULL,NULL
49,2,"PASTA ALLE VONGOLE",1,1,NULL,2018-07-15,NULL,NULL,NULL,NULL,NULL,NULL
50,2,"PASTA E CECI",1,1,NULL,2018-07-15,NULL,NULL,NULL,NULL,NULL,NULL
51,2,"LASAGNA AL RAGU' DI CARNE",0,1,NULL,2018-07-15,NULL,"2023-09-18 11:48:25.200000",s.diberti,NULL,NULL,NULL
52,2,"ZUPPA ORTOLANA",1,1,NULL,2018-07-15,NULL,NULL,NULL,NULL,NULL,NULL
53,3,BRASATO,0,1,NULL,2018-07-15,NULL,NULL,NULL,NULL,NULL,NULL
54,3,"SPEZZATINO BOVINO E PATATE",1,1,NULL,2018-07-15,NULL,"2023-08-21 15:20:25.547000",s.diberti,NULL,NULL,NULL
55,3,SVIZZERINE,1,1,NULL,2018-07-15,NULL,NULL,NULL,NULL,NULL,NULL
56,3,"PETTO POLLO  AI FERRI",1,1,NULL,2018-07-15,NULL,NULL,NULL,NULL,NULL,NULL
57,3,POLPETTE,1,1,NULL,2018-07-15,NULL,"2021-06-15 15:25:04.013000",e.governa,NULL,NULL,NULL
58,3,"FLAN DI CARNE E SPINACI",1,1,NULL,2018-07-15,NULL,NULL,NULL,NULL,NULL,NULL
59,3,"INSALATA DI POLLO",1,0,NULL,2018-07-15,NULL,NULL,NULL,NULL,NULL,NULL
60,3,"ARISTA ARROSTO",1,1,NULL,2018-07-17,NULL,NULL,NULL,NULL,NULL,NULL
61,3,"POLLO ALLA DIAVOLA",1,1,NULL,2018-07-17,NULL,NULL,NULL,NULL,NULL,NULL
62,3,"POLLO ALLA CACCIATORA",1,1,NULL,2018-07-17,NULL,NULL,NULL,NULL,NULL,NULL
63,3,"POLLO ARROSTO",1,1,NULL,2018-07-17,NULL,NULL,NULL,NULL,NULL,NULL
64,3,"SCALOPPE POLLO AL LIMONE",1,1,NULL,2018-07-17,NULL,"2022-05-26 16:19:24.597000",s.diberti,NULL,NULL,NULL
65,3,"PEPERONI RIPIENI",1,0,NULL,2018-07-17,NULL,NULL,NULL,NULL,NULL,NULL
66,3,"TAGLIATA DI VITELLO",1,1,NULL,2018-07-17,NULL,NULL,NULL,NULL,NULL,NULL
67,3,"CONIGLIO ARROSTO",1,1,NULL,2018-07-18,NULL,NULL,NULL,NULL,NULL,NULL
68,3,"CONIGLIO ALLA SARDA",0,1,NULL,2018-07-18,NULL,NULL,NULL,NULL,NULL,NULL
69,3,"STRACOTTO DI MANZO",0,1,NULL,2018-07-18,NULL,NULL,NULL,NULL,NULL,NULL
70,3,"ARROSTO DI VITELLO",1,1,,2018-07-22,NULL,"2023-02-15 16:08:44.193000",s.diberti,NULL,NULL,NULL
71,3,"FRITTATA ALLE ERBETTE",1,1,NULL,2018-07-22,NULL,NULL,NULL,NULL,NULL,NULL
72,3,"FRITTATA AL PROSCIUTTO",1,1,NULL,2018-07-22,NULL,NULL,NULL,NULL,NULL,NULL
73,3,"POLPETTE DI TONNO",1,1,NULL,2018-07-22,NULL,NULL,NULL,NULL,NULL,NULL
74,3,"PLATESSA IMPANATA",1,1,NULL,2018-07-22,NULL,NULL,NULL,NULL,NULL,NULL
75,3,"ANELLI DI TOTANI IN UMIDO",1,1,NULL,2018-07-22,NULL,NULL,NULL,NULL,NULL,NULL
76,3,"FRITTURA DI TOTANI",1,1,NULL,2018-07-22,NULL,NULL,NULL,NULL,NULL,NULL
77,3,"MERLUZZO AL VERDE",1,1,NULL,2018-07-22,NULL,NULL,NULL,NULL,NULL,NULL
78,3,"PROSCIUTTO IN GELATINA",1,0,NULL,2018-07-22,NULL,NULL,NULL,NULL,NULL,NULL
79,3,"PLATESSA ALLA MUGNAIA",1,1,NULL,2018-07-22,NULL,NULL,NULL,NULL,NULL,NULL
80,3,"MERLUZZO ALLA LIVORNESE",1,1,NULL,2018-07-22,NULL,NULL,NULL,NULL,NULL,NULL
81,3,"INSALATA DI POLPO",1,1,NULL,2018-07-22,NULL,NULL,NULL,NULL,NULL,NULL
82,3,"SALMONE AL FORNO",1,1,NULL,2018-07-22,NULL,NULL,NULL,NULL,NULL,NULL
83,3,"DORATINE DI POLLO",1,1,NULL,2018-07-23,NULL,NULL,NULL,NULL,NULL,NULL
84,3,"UOVA STRAPAZZATE",1,1,NULL,2018-07-23,NULL,NULL,NULL,NULL,NULL,NULL
85,3,"FETTINA DI POLLO ALLA MILANESE",1,1,NULL,2018-07-23,NULL,NULL,NULL,NULL,NULL,NULL
86,2,"PASTINA IN BRODO",1,1,NULL,2018-07-24,NULL,NULL,NULL,NULL,NULL,NULL
87,2,"PASTA AL POMODORO",1,1,NULL,2018-07-24,NULL,"2023-09-18 12:48:36.167000",s.diberti,NULL,NULL,NULL
88,4,"SPINACI AGLIO E OLIO",1,1,NULL,2018-07-30,NULL,NULL,NULL,"2022-08-24 13:56:08.560000",m.cannarozzo,NULL
89,4,"ZUCCHINE AL FORNO",1,1,NULL,2018-07-30,NULL,NULL,NULL,NULL,NULL,NULL
90,4,"CAVOLFIORI GRATINATI CON PARMIGIANO",1,1,NULL,2018-07-30,NULL,"2022-10-07 15:34:27.460000",s.diberti,NULL,NULL,NULL
91,4,"FAGIOLINI ALL'OLIO",1,1,NULL,2018-07-30,NULL,"2021-01-29 14:36:36.377000",e.governa,NULL,NULL,NULL
92,4,"COSTINE SALTATE ALL'OLIO",1,1,NULL,2018-07-30,NULL,"2021-01-29 14:44:57.593000",e.governa,NULL,NULL,NULL
93,4,"PISELLI STUFATI",1,1,NULL,2018-07-30,NULL,NULL,NULL,NULL,NULL,NULL
94,4,"CATALOGNA SALTATA",1,1,NULL,2018-07-30,NULL,NULL,NULL,NULL,NULL,NULL
95,4,"PURE' DI PATATE",1,1,"febbraio 2023",2018-07-30,NULL,"2023-02-14 14:16:06.983000",m.cannarozzo,NULL,NULL,NULL
96,4,"CAROTE PREZZEMOLATE",1,1,"febbraio 2023",2018-07-30,NULL,"2023-02-14 14:16:46.153000",m.cannarozzo,NULL,NULL,NULL
97,4,"MELANZANE TRIFOLATE",1,0,NULL,2018-07-30,NULL,NULL,NULL,NULL,NULL,NULL
98,4,"BROCCOLI SAPORITI CON ACCIUGHE",0,1,NULL,2018-07-30,NULL,"2022-10-07 15:32:12.397000",s.diberti,NULL,NULL,NULL
99,4,"PATATE FRITTE",1,1,NULL,2018-07-30,NULL,NULL,NULL,NULL,NULL,NULL
100,4,"FINOCCHI GRATINATI",0,1,NULL,2018-07-30,NULL,NULL,NULL,NULL,NULL,NULL
101,4,CRAUTI,0,1,NULL,2018-07-30,NULL,NULL,NULL,NULL,NULL,NULL
102,2,"PASTA IN BIANCO",1,1,NULL,2018-07-30,NULL,NULL,NULL,NULL,NULL,NULL
103,3,"MANZO LESSO",1,1,NULL,2018-07-30,NULL,NULL,NULL,NULL,NULL,NULL
104,3,"SCALOPPE TACCHINO AL LIMONE",1,1,NULL,2018-07-30,NULL,"2022-05-26 16:18:46.317000",s.diberti,NULL,NULL,NULL
105,2,"CREMA DI LENTICCHIE",1,0,SEDANO,2018-07-30,NULL,"2024-01-29 09:36:42.700000",f.gallo,NULL,NULL,NULL
106,2,"RISOTTO AGLI ASPARAGI",1,1,NULL,2018-07-30,NULL,NULL,NULL,NULL,NULL,NULL
107,2,"RISO BIANCO",1,1,NULL,2018-07-30,NULL,NULL,NULL,NULL,NULL,NULL
108,2,"RISOTTO ZUCCHINE E ZAFFERANO",1,0,NULL,2018-08-06,NULL,NULL,NULL,NULL,NULL,NULL
109,2,SEMOLINO,1,1,NULL,2018-08-06,NULL,NULL,NULL,NULL,NULL,NULL
110,3,"SPEZZATINO BOVINO E PISELLI",1,1,NULL,2018-08-06,NULL,"2023-08-21 15:18:50.947000",s.diberti,NULL,NULL,NULL
111,3,"BOCC. POLLO PISELLI",1,1,NULL,2018-08-06,NULL,"2021-06-01 09:20:02.147000",g.diana,NULL,NULL,NULL
112,3,"FRITTATA ASPARAGI",1,1,NULL,2018-08-08,NULL,NULL,NULL,NULL,NULL,NULL
113,3,"POLLO LESSO",1,1,Febbraio2023,2018-08-10,NULL,"2023-02-14 14:06:15.097000",m.cannarozzo,NULL,NULL,NULL
114,4,"INSALATA VERDE",1,1,NULL,2018-09-26,NULL,NULL,NULL,NULL,NULL,NULL
115,2,"RISOTTO CON RAGU' DI POLLO E PISELLI",1,1,NULL,2018-10-01,NULL,NULL,NULL,NULL,NULL,NULL
116,1,"BRODO VEGETALE",1,1,SEDANO,2018-10-25,NULL,"2023-11-08 12:47:52.343000",s.diberti,NULL,NULL,NULL
117,2,"PASTA AI FUNGHI",1,1,NULL,2018-10-27,NULL,NULL,NULL,NULL,NULL,NULL
118,2,"RISOTTO AI FUNGHI",1,1,NULL,2018-10-27,NULL,NULL,NULL,NULL,NULL,NULL
119,4,"FAGIOLINI AL GRANA",1,1,NULL,2018-11-14,NULL,NULL,NULL,NULL,NULL,NULL
120,4,"FAGIOLINI AL POMODORO",1,1,NULL,2018-11-14,NULL,NULL,NULL,NULL,NULL,NULL
121,4,"ZUCCHINE AL POMODORO",1,1,NULL,2018-11-14,NULL,NULL,NULL,NULL,NULL,NULL
122,4,"SPINACI AL GRANA",1,1,NULL,2018-11-15,NULL,NULL,NULL,NULL,NULL,NULL
123,4,"BROCCOLI GRATINATI",0,1,NULL,2018-11-15,NULL,NULL,NULL,"2021-02-09 10:39:16.237000",e.governa,NULL
124,4,"BROCCOLI GRATINATI CON PARMIGIANO",1,1,NULL,2018-11-15,2019-02-26,"2022-10-07 15:16:47.340000",s.diberti,NULL,NULL,NULL
125,2,"CREMA DI LEGUMI",1,1,SEDANO,2018-11-16,NULL,"2023-11-09 08:55:22.080000",v.giurdanella,NULL,NULL,NULL
126,2,"CREMA DI PISELLI",1,1,SEDANO,2018-11-16,NULL,"2023-11-09 09:00:16.437000",v.giurdanella,NULL,NULL,NULL
127,4,"INSALATA DI POMODORO",1,0,NULL,2018-11-16,NULL,NULL,NULL,NULL,NULL,NULL
128,4,"INSALATA DI CAROTE",1,1,NULL,2018-11-16,NULL,NULL,NULL,NULL,NULL,NULL
129,3,"FRITTATA AI FUNGHI",1,1,NULL,2018-11-21,NULL,NULL,NULL,NULL,NULL,NULL
130,4,"CAVOLFIORI ALL'OLIO",1,1,NULL,2018-11-21,NULL,NULL,NULL,NULL,NULL,NULL
131,2,"RISOTTO AL POMODORO",1,1,NULL,2019-02-12,NULL,"2023-09-18 12:49:30.137000",s.diberti,NULL,NULL,NULL
132,2,"RISO AL CURRY",0,1,NULL,2019-02-12,NULL,"2021-05-21 11:38:45.553000",g.diana,NULL,NULL,NULL
133,2,"RISOTTO ZAFFERANO E CAROTE",1,1,NULL,2019-02-13,NULL,NULL,NULL,NULL,NULL,NULL
134,2,"RISOTTO AL RADICCHIO",0,1,Febbraio2023,2019-02-13,NULL,"2023-02-14 14:04:01.507000",m.cannarozzo,NULL,NULL,NULL
135,2,"RISOTTO GAMBERETTI E ZUCCHINE E ZAFFERANO",1,0,NULL,2019-02-13,NULL,"2024-03-29 12:37:55.977000",s.diberti,NULL,NULL,NULL
136,2,"RISOTTO AI CARCIOFI",0,1,NULL,2019-02-13,NULL,NULL,NULL,NULL,NULL,NULL
137,2,"PASTA  AL PESTO, PATATE E FAGIOLINI",1,0,NULL,2019-02-22,NULL,"2023-03-22 09:43:12.873000",s.diberti,NULL,NULL,NULL
138,2,"CREMA DI CECI",0,1,SEDANO,2019-02-24,NULL,"2023-11-09 08:54:14.307000",v.giurdanella,NULL,NULL,NULL
139,2,"RISOTTO CON LA ZUCCA",0,1,NULL,2019-03-02,NULL,NULL,NULL,NULL,NULL,NULL
140,2,"RISOTTO AL RAGU' BIANCO DI CARNE",0,0,NULL,2019-05-03,NULL,NULL,NULL,NULL,NULL,NULL
141,2,"CREMA DI FAGIOLI",0,1,NULL,2019-06-24,NULL,NULL,NULL,NULL,NULL,NULL
142,3,"MERLUZZO AL FORNO CON CIPOLLE",1,1,NULL,2019-07-07,NULL,NULL,NULL,NULL,NULL,NULL
143,2,"PASTA ZUCCHINE BESCIAMELLA E PANCETTA",1,0,NULL,2019-07-12,NULL,"2023-07-20 08:32:02.703000",f.gallo,NULL,NULL,NULL
144,3,"SCALOPPE POLLO PIZZAIOLA",0,0,NULL,2019-07-13,NULL,"2022-05-26 16:19:46.500000",s.diberti,NULL,NULL,NULL
145,3,"SCALOPPE POLLO BURRO E SALVIA",0,0,NULL,2019-08-15,NULL,"2022-05-26 16:20:03.893000",s.diberti,NULL,NULL,NULL
146,2,"RISO ALLA CANTONESE",0,1,NULL,2019-12-15,NULL,NULL,NULL,NULL,NULL,NULL
147,2,"AGNOLOTTI AL RAGU'",0,1,"GLUTINE, UOVA, SEDANO, ANIDRIDE SOLFOROSA E SOLFITI",2020-02-05,NULL,"2023-11-09 08:46:38.703000",v.giurdanella,NULL,NULL,NULL
148,3,"VITELLO TONNATO",0,0,NULL,2020-02-07,NULL,"2020-02-07 12:25:58.973000",m.cannarozzo,NULL,NULL,NULL
149,3,SPINACINE,0,0,NULL,2020-05-18,NULL,"2020-05-18 18:36:08.290000",m.cannarozzo,NULL,NULL,NULL
150,3,"PROSCIUTTO CRUDO",1,1,NULL,2021-01-23,NULL,"2021-01-28 12:11:48.310000",e.governa,NULL,NULL,NULL
151,3,FONTAL,1,1,NULL,2021-01-23,NULL,"2021-01-27 15:14:14.367000",M.CANNAROZZO,NULL,NULL,NULL
152,3,RICOTTA,1,1,NULL,2021-01-23,NULL,"2021-01-27 15:16:23.973000",M.CANNAROZZO,NULL,NULL,NULL
153,3,"PROSCIUTTO COTTO",1,1,NULL,2021-01-23,NULL,"2021-01-28 12:06:00.710000",e.governa,NULL,NULL,NULL
154,3,STRACCHINO,1,1,NULL,2021-01-23,NULL,"2021-01-27 15:29:00.673000",e.governa,NULL,NULL,NULL
155,3,ROBIOLA,1,1,NULL,2021-01-23,NULL,"2021-01-27 15:31:55.253000",e.governa,NULL,NULL,NULL
156,3,RICOTTA,0,0,NULL,2021-01-27,NULL,"2021-01-27 15:17:12.070000",M.CANNAROZZO,"2021-01-27 15:20:03.203000",e.governa,NULL
157,3,STRACCHINO,0,0,NULL,2021-01-27,NULL,"2021-01-27 15:18:27.060000",M.CANNAROZZO,"2021-01-27 15:27:03.187000",e.governa,NULL
158,3,RICOTTA,0,1,NULL,2021-01-27,NULL,"2021-01-27 15:18:57.247000",e.governa,"2021-01-27 15:20:15.807000",e.governa,NULL
159,3,STRACCHINO,0,0,NULL,2021-01-27,NULL,"2021-01-27 15:20:34.947000",M.CANNAROZZO,"2021-01-27 15:27:07.650000",e.governa,NULL
160,3,MOZZARELLA,1,1,NULL,2021-01-27,NULL,"2021-01-27 15:20:56.757000",e.governa,NULL,NULL,NULL
161,3,PROVOLONE,1,1,NULL,2021-01-27,NULL,"2021-01-27 15:39:54.193000",e.governa,NULL,NULL,NULL
162,3,"BRACIOLA MAIALE FERRI",1,1,NULL,2021-01-28,NULL,"2021-06-01 09:16:11.993000",g.diana,NULL,NULL,NULL
163,3,"PLATESSA OLIO E LIMONE",1,1,PLATESSA,2021-01-28,NULL,"2021-01-28 12:20:37.623000",e.governa,NULL,NULL,NULL
164,3,"NASELLO OLIO LIMONE",1,1,NULL,2021-01-28,NULL,"2021-01-28 12:22:13.003000",e.governa,NULL,NULL,NULL
165,3,BRESAOLA,1,1,NULL,2021-01-28,NULL,"2021-01-28 12:31:31.437000",e.governa,NULL,NULL,NULL
166,3,"AFFETTATO DI POLLO",1,1,NULL,2021-01-28,NULL,"2021-01-29 14:35:56.923000",e.governa,NULL,NULL,NULL
167,3,"SPEZZATINO BOVINO CON CAROTE",0,1,NULL,2021-01-28,NULL,"2021-02-09 10:37:06.240000",e.governa,NULL,NULL,NULL
168,4,"ZUCCHINE ALL'OLIO",1,0,NULL,2021-01-28,NULL,"2021-01-28 14:03:06.157000",e.governa,NULL,NULL,NULL
169,4,"SPINACI AL BURRO",0,1,NULL,2021-01-28,NULL,"2021-01-28 14:07:32.547000",e.governa,NULL,NULL,NULL
170,3,"FORMAGGIO SPALMABILE (VITESSA)",1,1,NULL,2021-01-28,NULL,"2021-01-28 14:28:14.330000",e.governa,NULL,NULL,NULL
171,3,EMMENTHAL,1,1,NULL,2021-01-28,NULL,"2021-01-28 14:42:50.150000",e.governa,NULL,NULL,NULL
172,3,ASIAGO,0,1,NULL,2021-01-28,NULL,"2021-01-28 14:50:52.973000",e.governa,NULL,NULL,NULL
173,3,GORGONZOLA,0,1,NULL,2021-01-28,NULL,"2021-01-28 14:54:55.320000",e.governa,NULL,NULL,NULL
174,3,"ROAST BEEF DI PROSCIUTTO FRULLATO",1,1,NULL,2021-01-28,NULL,"2021-03-19 13:56:53.247000",g.diana,NULL,NULL,NULL
175,3,"TACCHINO AL DRAGONCELLO FRULLATO",1,1,NULL,2021-01-28,NULL,"2021-01-28 15:26:31.827000",e.governa,NULL,NULL,NULL
176,3,"MAIALE ALLA PIZZAIOLA FRULLATO",1,1,NULL,2021-01-28,NULL,"2021-01-28 15:41:43.747000",e.governa,NULL,NULL,NULL
177,3,"MANZO CON CAROTE FRULLATO",1,1,NULL,2021-01-28,NULL,"2021-01-28 15:52:57.593000",e.governa,NULL,NULL,NULL
178,3,"POLLO AL LIMONE FRULLATO",1,1,NULL,2021-01-28,NULL,"2021-01-28 15:43:49.717000",e.governa,NULL,NULL,NULL
179,3,"SPEZZATINO DI VITELLO FRULLATO",1,1,NULL,2021-01-28,NULL,"2021-01-28 15:46:32.990000",e.governa,NULL,NULL,NULL
180,3,"NASELLO ACETOSA FRULLATO",1,1,NULL,2021-01-28,NULL,"2021-01-28 15:53:53.630000",e.governa,NULL,NULL,NULL
181,3,"OSSOBUCO FRULLATO",1,1,NULL,2021-01-28,NULL,"2021-01-28 15:48:48.447000",e.governa,NULL,NULL,NULL
182,3,"POLLO IN FRICASSEA FRULLATO",1,1,NULL,2021-01-28,NULL,"2021-01-28 15:49:40.940000",e.governa,NULL,NULL,NULL
183,2,"TAGLIATELLE AL POMODORO",1,1,NULL,2021-01-28,NULL,"2021-01-29 14:32:01.457000",e.governa,NULL,NULL,NULL
184,2,"TORTELLINI AL POMODORO",1,1,NULL,2021-01-28,NULL,"2021-01-28 16:09:30.570000",e.governa,NULL,NULL,NULL
185,4,"PATATE LESSE",1,1,NULL,2021-01-29,NULL,"2021-01-29 10:21:42.167000",e.governa,NULL,NULL,NULL
186,3,"NASELLO IMPANATO",1,1,NULL,2021-01-29,NULL,"2021-01-29 11:19:34.030000",g.diana,NULL,NULL,NULL
187,2,"AGNOLOTTI IN BIANCO",1,1,"UOVA, GLUTINE",2021-01-29,NULL,"2023-11-09 08:50:56.607000",v.giurdanella,NULL,NULL,NULL
188,2,"MINESTRONE DI VERDURA",1,1,NULL,2021-01-29,NULL,"2021-01-29 11:55:19.060000",g.diana,NULL,NULL,NULL
189,4,"ZUCCHINE TRIFOLATE",1,0,NULL,2021-01-29,NULL,"2021-01-29 12:14:36.420000",g.diana,NULL,NULL,NULL
190,3,"SCALOPPE TACCHINO AL CURRY",1,1,NULL,2021-01-29,NULL,"2021-01-29 12:15:06.967000",g.diana,NULL,NULL,NULL
191,2,"GNOCCHI AL POMODORO",0,1,"GLUTINE, SEDANO",2021-01-29,NULL,"2023-11-09 09:04:41.080000",v.giurdanella,NULL,NULL,NULL
192,2,"GNOCCHI IN BIANCO",0,1,"GLUTINE, LATTE",2021-01-29,NULL,"2023-11-09 09:08:42.587000",v.giurdanella,NULL,NULL,NULL
193,4,"COSTINE AL BURRO",1,0,NULL,2021-01-29,NULL,"2021-01-29 14:38:04.453000",e.governa,NULL,NULL,NULL
194,3,"SCALOPPE TACCHINO AL VINO BIANCO",1,1,NULL,2021-01-29,NULL,"2021-01-29 14:41:07.757000",e.governa,NULL,NULL,NULL
195,3,"SCALOPPE POLLO AL VINO BIANCO",1,1,NULL,2021-01-29,NULL,"2022-05-26 16:18:25.007000",s.diberti,NULL,NULL,NULL
196,2,"TORTELLINI IN BIANCO",1,1,NULL,2021-01-29,NULL,"2021-01-29 14:43:33.147000",e.governa,NULL,NULL,NULL
197,2,"PASTA FRESCA AL POMODORO",1,1,NULL,2021-02-01,NULL,"2021-02-01 15:27:02.840000",e.governa,NULL,NULL,NULL
198,2,"PASTA FRESCA IN BIANCO",1,1,NULL,2021-02-01,NULL,"2021-02-15 12:19:12.830000",e.governa,NULL,NULL,NULL
199,3,"FLAN DI CARNE E CAROTE",1,1,NULL,2021-02-01,NULL,"2021-02-05 15:19:14.137000",e.governa,NULL,NULL,NULL
200,4,"CAROTE ALL'OLIO",1,1,NULL,2021-02-01,NULL,"2021-02-01 16:14:42.920000",e.governa,NULL,NULL,NULL
201,4,"RATATOUILLE FRULLATA",1,1,NULL,2021-02-02,NULL,"2021-02-02 09:10:40.507000",e.governa,NULL,NULL,NULL
202,4,"PUREA DI SEDANO FRULLATA",1,1,NULL,2021-02-02,NULL,"2021-02-02 11:22:36.233000",e.governa,"2023-12-01 11:46:18.483000",s.diberti,NULL
203,4,"LENTICCHIE ALLE VERDURE FRULLATE",1,1,NULL,2021-02-02,NULL,"2021-02-02 11:11:21.403000",e.governa,NULL,NULL,NULL
204,3,"VERDURA PRIMAVERILI FRULLATE",1,1,NULL,2021-02-02,NULL,"2021-02-02 11:14:20.617000",e.governa,NULL,NULL,NULL
205,4,"PUREA CAROTE FRULLATA",1,1,NULL,2021-02-02,NULL,"2021-02-02 11:16:49.550000",e.governa,NULL,NULL,NULL
206,4,"PUREA FAGIOLINI FRULLATA",1,1,NULL,2021-02-02,NULL,"2021-02-02 11:17:30.157000",e.governa,NULL,NULL,NULL
207,3,"NASELLO BURRO E LIMONE FRULLATO",1,1,NULL,2021-02-02,NULL,"2021-02-02 11:55:09.473000",e.governa,NULL,NULL,NULL
208,4,"VERDURE PRIMAVERILI FRULLATE",1,1,NULL,2021-02-02,NULL,"2021-02-02 11:58:48.810000",e.governa,NULL,NULL,NULL
209,2,"PASSATO DI VERDURA",1,1,NULL,2021-02-02,NULL,"2021-02-03 10:54:56.743000",e.governa,"2021-02-03 14:56:08.133000",e.governa,NULL
210,2,"PASTA APROTEICA AL POMODORO",1,1,NULL,2021-02-02,NULL,"2021-02-02 15:35:49.113000",e.governa,NULL,NULL,NULL
211,2,"PASTINA APROTEICA IN BRODO",1,1,NULL,2021-02-02,NULL,"2021-02-02 15:43:49.127000",e.governa,NULL,NULL,NULL
212,2,"PASTA APROTEICA IN BIANCO",1,1,NULL,2021-02-02,NULL,"2021-02-02 15:52:26.537000",e.governa,NULL,NULL,NULL
213,2,"PASTA DI MAIS AL POMODORO",1,1,NULL,2021-02-03,NULL,"2021-02-03 10:50:12.713000",e.governa,NULL,NULL,NULL
214,2,"PASTA DI MAIS IN BIANCO",1,1,NULL,2021-02-03,NULL,"2021-02-03 10:51:29.433000",e.governa,NULL,NULL,NULL
215,2,"PASTA MAIS AL RAGù",1,1,NULL,2021-02-03,NULL,"2021-02-03 10:53:40.007000",e.governa,"2021-02-03 15:19:46.433000",e.governa,NULL
216,2,"PASTA MAIS AI BROCCOLI",1,1,NULL,2021-02-03,NULL,"2021-02-03 10:54:23.860000",e.governa,"2021-02-03 15:19:32.207000",e.governa,NULL
217,2,"PASTINA DI MAIS IN BRODO",1,1,NULL,2021-02-03,NULL,"2021-02-03 10:55:39.863000",e.governa,NULL,NULL,NULL
218,3,"TONNO SOTT'OLIO",1,0,NULL,2021-02-03,NULL,"2021-02-03 11:10:56.327000",e.governa,NULL,NULL,NULL
219,2,"PASTA DI MAIS AL RAGU'",0,1,NULL,2021-02-03,NULL,"2021-02-03 15:06:41.997000",e.governa,NULL,NULL,NULL
220,2,"PASTA DI MAIS  AI BROCCOLI",1,1,NULL,2021-02-03,NULL,"2021-02-03 15:23:53.007000",e.governa,NULL,NULL,NULL
221,4,"FINOCCHI ALL'OLIO",0,1,NULL,2021-02-04,NULL,"2021-02-04 15:23:23.517000",e.governa,NULL,NULL,NULL
222,3,"NASELLO ALLA LIVORNESE",1,1,NULL,2021-02-04,NULL,"2021-02-09 14:56:37.800000",e.governa,NULL,NULL,NULL
223,3,"TACCHINO AI FERRI",1,1,NULL,2021-02-04,NULL,"2021-02-04 15:43:51.650000",e.governa,NULL,NULL,NULL
224,2,"TORTELLINI ALLA PAPALINA",0,1,NULL,2021-02-09,NULL,"2021-02-09 10:09:34.200000",e.governa,NULL,NULL,NULL
225,3,"MILANESE DI MAIALE",1,1,NULL,2021-02-09,NULL,"2021-02-09 10:19:48.483000",e.governa,NULL,NULL,NULL
226,4,"BROCCOLI ALL'OLIO",0,1,NULL,2021-02-09,NULL,"2021-02-09 10:46:14.893000",e.governa,NULL,NULL,NULL
227,2,"PASTA DI MAIS AL TONNO",1,1,NULL,2021-02-10,NULL,"2021-02-10 15:41:56.483000",e.governa,NULL,NULL,NULL
228,3,"PLATESSA ALLA LIVORNESE",1,1,NULL,2021-02-11,NULL,"2021-02-11 12:41:07.797000",e.governa,NULL,NULL,NULL
229,2,"AGNOLOTTI AL SUGO DI ARROSTO",0,1,"UOVA, GLUTINE, ANIDRIDE SOLFOROSA E SOLFITI",2021-02-17,NULL,"2023-11-09 08:49:37.757000",v.giurdanella,NULL,NULL,NULL
230,2,"GNOCCHI ALLA BAVA",0,1,"GLUTINE, LATTE",2021-02-17,NULL,"2023-11-09 09:07:20.963000",v.giurdanella,NULL,NULL,NULL
231,2,"TROFIE AL PESTO ALLA GENOVESE",1,0,NULL,2021-02-17,NULL,"2022-05-09 17:21:56.433000",m.cannarozzo,NULL,NULL,NULL
232,2,"ORECCHIETTE ALLE CIME DI RAPA",0,1,NULL,2021-02-17,NULL,"2021-02-17 12:22:00.870000",e.governa,NULL,NULL,NULL
233,2,"ORECCHIETTE AI BROCCOLI",0,1,NULL,2021-02-17,NULL,"2021-02-17 12:22:31.320000",e.governa,NULL,NULL,NULL
234,3,"SPEZZATINO DI BOVINO AL VINO ROSSO",0,1,NULL,2021-02-17,NULL,"2021-02-17 12:32:38.377000",e.governa,NULL,NULL,NULL
235,4,"CAROTE GRATINATE",1,1,NULL,2021-02-22,NULL,"2021-02-22 09:46:45.290000",e.governa,NULL,NULL,NULL
236,2,"MINESTRONE DI VERDURA CON PASTA",0,1,NULL,2021-02-22,NULL,"2021-02-22 09:50:29.150000",e.governa,NULL,NULL,NULL
237,3,TALEGGIO,1,1,NULL,2021-02-22,NULL,"2021-02-22 09:57:10.413000",e.governa,NULL,NULL,NULL
238,4,"CAROTE STUFATE",1,1,NULL,2021-02-22,NULL,"2021-02-22 15:42:03.663000",e.governa,NULL,NULL,NULL
239,4,"FAGIOLINI SALTATI",1,1,NULL,2021-02-22,NULL,"2021-02-22 15:43:23.507000",e.governa,NULL,NULL,NULL
240,3,"FLAN CARNE E PATATE",1,1,NULL,2021-02-23,NULL,"2021-02-23 14:35:07.997000",e.governa,NULL,NULL,NULL
241,3,"POLPETTE AL POMODORO",1,1,NULL,2021-02-23,NULL,"2021-02-23 15:25:54.247000",e.governa,NULL,NULL,NULL
242,3,"FRITTATA ALLE PATATE",1,1,NULL,2021-02-24,NULL,"2021-02-24 14:20:17.820000",e.governa,NULL,NULL,NULL
243,3,"SCALOPPE POLLO AL CURRY",1,1,NULL,2021-02-24,NULL,"2022-05-26 16:18:01.997000",s.diberti,NULL,NULL,NULL
244,3,"MILANESE DI TACCHINO",1,1,NULL,2021-02-24,NULL,"2021-02-24 14:35:23.447000",e.governa,NULL,NULL,NULL
245,3,"NASELLO AL VERDE",1,1,NULL,2021-02-24,NULL,"2021-02-24 14:40:55.460000",e.governa,NULL,NULL,NULL
246,3,"PLATESSA AL VERDE",1,1,NULL,2021-02-25,NULL,"2021-02-25 15:44:58.650000",e.governa,NULL,NULL,NULL
247,3,"FLAN CARNE BIANCA",1,1,NULL,2021-03-03,NULL,"2021-03-03 15:33:07.847000",e.governa,NULL,NULL,NULL
248,2,"TROFIE IN BIANCO",1,1,NULL,2021-03-03,NULL,"2021-03-03 15:38:20.613000",e.governa,NULL,NULL,NULL
249,3,"BRACIOLA MAIALE ALLA PIZZAIOLA",1,1,NULL,2021-03-03,NULL,"2021-03-03 15:43:15.873000",e.governa,NULL,NULL,NULL
250,2,"PASTA DI MAIS AL PESTO, PATATE E FAGIOLINI",1,0,NULL,2021-03-04,NULL,"2023-03-22 09:44:17.110000",s.diberti,NULL,NULL,NULL
251,2,"PASTA MAIS ALLA AMATRICIANA",0,1,NULL,2021-03-04,NULL,"2021-03-04 10:08:46.683000",e.governa,NULL,NULL,NULL
252,3,"TACCHINO ALLA PIZZAIOLA",1,0,NULL,2021-03-08,NULL,"2021-05-31 15:30:47.107000",e.governa,"2022-01-19 13:58:39.117000",m.cannarozzo,NULL
253,2,"RISOTTO ALLA MARINARA",1,0,NULL,2021-03-08,NULL,"2021-05-19 14:27:12.643000",e.governa,NULL,NULL,NULL
254,2,"AGNOLOTTI AL SUGO D'ARROSTO",0,1,NULL,2021-03-09,NULL,"2021-03-09 14:08:21.870000",m.cannarozzo,"2021-03-10 17:00:14.453000",m.cannarozzo,NULL
255,2,"GNOCCHI ALLA BAVA",0,0,NULL,2021-03-09,NULL,"2021-03-09 14:10:26.237000",m.cannarozzo,"2021-03-10 17:31:21.027000",m.cannarozzo,NULL
256,2,"MINESTRONE DI VERDURA CON PASTA",1,1,NULL,2021-03-09,NULL,"2021-03-09 14:13:47.967000",m.cannarozzo,"2021-03-10 17:33:59.543000",m.cannarozzo,NULL
257,2,"AGNOLOTTI AL POMODORO",0,1,"UOVA, GLUTINE, SEDANO",2021-03-09,NULL,"2023-11-09 08:45:49.180000",v.giurdanella,NULL,NULL,NULL
258,3,"ROLATA DI CONIGLIO",1,1,NULL,2021-04-30,NULL,"2021-04-30 16:30:59.593000",m.cannarozzo,NULL,NULL,NULL
259,2,"RISOTTO VERDURE PRIMAVERA",0,0,NULL,2021-05-19,NULL,"2023-03-22 10:15:58.287000",s.diberti,NULL,NULL,NULL
260,2,"MINESTRA DI FARRO",1,1,NULL,2021-05-19,NULL,"2021-05-19 14:32:55.557000",e.governa,"2021-05-19 14:47:15.480000",e.governa,NULL
261,3,"FRITTATA DI ZUCCHINE",1,0,NULL,2021-05-19,NULL,"2021-05-19 14:33:26.070000",e.governa,NULL,NULL,NULL
262,3,"NASELLO CON PATATE",1,1,NULL,2021-05-19,NULL,"2021-05-19 14:34:17.770000",e.governa,NULL,NULL,NULL
263,4,PASTA,1,1,NULL,2021-05-19,NULL,"2021-05-19 14:39:16.423000",e.governa,"2021-05-19 15:14:51.717000",e.governa,NULL
264,2,"MINESTRA DI FARRO",1,1,NULL,2021-05-19,NULL,"2021-05-19 14:46:44.030000",e.governa,NULL,NULL,NULL
265,2,"PASTA ALLE MELANZANE",1,1,NULL,2021-05-19,NULL,"2021-05-19 14:47:58.740000",e.governa,"2023-04-05 14:23:48.777000",s.diberti,NULL
266,4,"CIME DI RAPA STUFATE",1,1,NULL,2021-05-19,NULL,"2021-05-19 15:15:30.467000",e.governa,NULL,NULL,NULL
267,3,"SPEZZ. BOV.CON PEPERONI",1,0,NULL,2021-05-21,NULL,"2021-07-22 11:27:52.373000",e.governa,NULL,NULL,NULL
268,2,"AGNOLOTTI BURRO E SALVIA",1,0,"UOVA, GLUTINE, LATTE",2021-05-21,NULL,"2023-11-09 08:50:27.870000",v.giurdanella,NULL,NULL,NULL
269,2,"PASTA DI MAIS ALLE ZUCCHINE",1,0,NULL,2021-05-21,NULL,"2021-05-21 15:30:43.410000",e.governa,NULL,NULL,NULL
270,2,"PASTA MAIS ALLE MELANZANE",1,0,NULL,2021-05-21,NULL,"2021-06-14 11:01:11.770000",e.governa,"2023-04-05 14:24:03.593000",s.diberti,NULL
271,3,"SPEZZATINO DI BOVINO CON CAROTE E PISELLI",1,0,NULL,2021-05-21,NULL,"2021-05-21 15:54:39.303000",e.governa,NULL,NULL,NULL
272,2,"PASTA APROTEICA CON ZUCCHINE",1,0,NULL,2021-05-21,NULL,"2021-05-21 15:55:08.427000",e.governa,NULL,NULL,NULL
273,2,"PASTA APROTEICA CON MELANZANE",1,0,NULL,2021-05-21,NULL,"2021-05-21 15:55:30.800000",e.governa,NULL,NULL,NULL
274,2,"CREMA DI ZUCCHINE",1,0,SEDANO,2021-05-24,NULL,"2023-11-09 09:01:21.627000",v.giurdanella,NULL,NULL,NULL
275,2,"PASTA APROTEICA AL PESTO ALLA GENOVESE",1,0,NULL,2021-05-24,NULL,"2022-05-09 17:20:54.517000",m.cannarozzo,"2023-03-22 09:43:43.597000",s.diberti,NULL
276,2,"MINESTRA D'ORZO",0,0,NULL,2021-05-24,NULL,"2021-05-24 16:42:53.923000",m.cannarozzo,NULL,NULL,NULL
277,4,"INSALATA MISTA (verde + pomodori)",1,0,NULL,2021-05-25,NULL,"2021-05-25 09:34:02.677000",e.governa,NULL,NULL,NULL
278,2,"ORECCHIETTE IN BIANCO",1,1,NULL,2021-05-31,NULL,"2021-05-31 14:29:50.063000",e.governa,NULL,NULL,NULL
279,2,"CREMA DI PATATE E POMODORO",1,0,SEDANO,2021-05-31,NULL,"2023-11-09 08:57:57.147000",v.giurdanella,NULL,NULL,NULL
280,3,"BOCC.POLLO CAROTE/PISELLI",1,0,NULL,2021-05-31,NULL,"2021-06-01 09:18:08.217000",g.diana,NULL,NULL,NULL
281,2,"PASTA DI MAIS ALLE CIME DI RAPA",1,1,NULL,2021-05-31,NULL,"2021-05-31 15:09:52.493000",e.governa,NULL,NULL,NULL
282,2,"PASTA DI MAIS ALLE OLIVE",1,0,NULL,2021-05-31,NULL,"2023-03-22 10:38:02.627000",s.diberti,NULL,NULL,NULL
283,3,"VITELLO SALSA CAPRICCIOSA",1,0,NULL,2021-06-01,NULL,"2021-06-01 13:15:14.440000",e.governa,NULL,NULL,NULL
284,3,"BISTECCA VITELLO FERRI",1,1,NULL,2021-06-01,NULL,"2021-06-08 12:23:34.150000",e.governa,NULL,NULL,NULL
285,2,"GNOCCHI AL PESTO ALLA GENOVESE",1,0,GLUTINE,2021-06-01,NULL,"2023-11-09 09:04:04.450000",v.giurdanella,NULL,NULL,NULL
286,3,"FLAN DI CARNE E ZUCCHINE",1,0,NULL,2021-06-01,NULL,"2021-06-01 15:31:13.870000",e.governa,NULL,NULL,NULL
287,2,"RISOTTO ZAFFERANO E PISELLI",1,0,NULL,2021-06-01,NULL,"2021-06-01 15:35:43.507000",e.governa,NULL,NULL,NULL
288,3,"NASELLO CIPOLLE E OLIVE",1,0,NULL,2021-06-01,NULL,"2021-06-01 15:38:45.113000",e.governa,NULL,NULL,NULL
289,3,"HAMBURGER DI NASELLO",1,1,NULL,2021-06-04,NULL,"2021-06-04 15:59:11.010000",e.governa,NULL,NULL,NULL
290,3,"ARISTA FREDDA CON SALSA",1,0,NULL,2021-06-07,NULL,"2021-06-07 10:26:23.973000",e.governa,NULL,NULL,NULL
291,3,"ROLATA DI TACCHINO",1,0,NULL,2021-06-07,NULL,"2023-04-06 07:42:21.347000",f.gallo,"2023-04-06 07:44:56.753000",f.gallo,NULL
292,3,"PLATESSA ALLA SORRENTINA",1,0,NULL,2021-06-07,NULL,"2021-06-07 14:40:40.070000",e.governa,"2021-12-02 11:55:19.300000",m.cannarozzo,NULL
293,3,"POLPETTE SALSA PEPERONI",1,0,NULL,2021-06-07,NULL,"2022-05-26 15:44:39.980000",s.diberti,NULL,NULL,NULL
294,3,"POLPETTE SALSA FORMAGGIO",1,1,NULL,2021-06-07,NULL,"2021-06-14 14:18:43.193000",g.diana,NULL,NULL,NULL
295,3,"POLP. SALSA ZUCCHINE",1,0,NULL,2021-06-07,NULL,"2021-06-07 14:49:31.390000",e.governa,NULL,NULL,NULL
296,3,"POLPETTONE SALSA CAROTE",1,1,NULL,2021-06-07,NULL,"2021-11-10 10:34:03.137000",e.governa,NULL,NULL,NULL
297,2,"PASTA ALLE CIME DI RAPA",1,1,NULL,2021-06-07,NULL,"2021-06-07 15:28:37.307000",e.governa,NULL,NULL,NULL
298,2,"PASTA ZUCCHINE E ZAFFER",1,0,NULL,2021-06-07,NULL,"2021-06-07 16:24:46.940000",e.governa,"2021-06-09 09:40:42.463000",m.cannarozzo,NULL
299,3,"POLPETTE DI  POLLO CURRY",1,0,NULL,2021-06-07,NULL,"2023-04-07 10:13:07.000000",s.diberti,NULL,NULL,NULL
300,2,"PASTA MAIS ALLA CONTADINA",1,0,NULL,2021-06-08,NULL,"2021-06-08 11:25:05.310000",e.governa,NULL,NULL,NULL
301,3,"NASELLO AL FORNO",1,0,NULL,2021-06-08,NULL,"2021-06-08 12:00:23.840000",e.governa,NULL,NULL,NULL
302,3,"SCALOPPE TACCHINO VINO B",1,1,NULL,2021-06-08,NULL,"2022-05-26 16:17:37.630000",s.diberti,NULL,NULL,NULL
303,3,"VITELLO FRED. SALSA MAIONESE",1,0,NULL,2021-06-10,NULL,"2021-06-10 16:15:23.663000",e.governa,NULL,NULL,NULL
304,2,"PASTA MAIS VERDURE PRIMAVERA",1,0,NULL,2021-06-14,NULL,"2023-03-22 10:15:37.473000",s.diberti,NULL,NULL,NULL
305,3,POLPETTONE,1,1,NULL,2021-06-15,NULL,"2021-06-15 15:24:30.347000",e.governa,NULL,NULL,NULL
306,3,"POLPETTONE SALSA FORMAGGIO",1,1,NULL,2021-06-15,NULL,"2021-06-15 15:46:06.367000",e.governa,NULL,NULL,NULL
307,3,"POLPETTONE SALSA CURRY",1,1,NULL,2021-06-15,NULL,"2021-06-15 15:54:03.927000",e.governa,NULL,NULL,NULL
308,2,"PASTA PESTO E PANNA",1,0,NULL,2021-06-18,NULL,"2021-07-22 11:27:05.463000",e.governa,"2023-03-22 09:42:40.647000",s.diberti,NULL
309,3,"POLPETTONE AL POM.",1,1,NULL,2021-06-23,NULL,"2021-06-23 12:25:07.607000",e.governa,NULL,NULL,NULL
310,3,"POLPETTE DI POLLO",1,1,NULL,2021-06-25,NULL,"2021-06-25 14:29:21.223000",g.diana,NULL,NULL,NULL
311,3,"POLPETTONE CON BESCIAMELLA",1,1,NULL,2021-06-25,NULL,"2021-06-25 14:35:40.577000",g.diana,NULL,NULL,NULL
312,3,"POLPETTE CON BESCIAMELLA",1,1,NULL,2021-06-25,NULL,"2021-06-25 14:36:11.980000",g.diana,NULL,NULL,NULL
313,2,"INSALATA DI PASTA",1,0,NULL,2021-07-19,NULL,"2021-07-19 14:33:36.813000",e.governa,NULL,NULL,NULL
314,2,"INSALATA DI PASTA DI MAIS",1,0,NULL,2021-07-19,NULL,"2021-07-19 15:25:03.160000",e.governa,NULL,NULL,NULL
315,3,"INSALATA DI NASELLO, PATATE E OLIVE",1,0,NULL,2021-08-18,NULL,"2023-03-22 10:00:15.300000",s.diberti,NULL,NULL,NULL
316,3,"NASELLO IN CROSTA DI OLIVE",1,1,NULL,2021-08-18,NULL,"2021-08-18 14:25:43.700000",m.cannarozzo,NULL,NULL,NULL
317,3,"INSALATA DI MANZO",1,0,NULL,2021-08-18,NULL,"2021-08-18 14:39:54.860000",m.cannarozzo,NULL,NULL,NULL
318,2,"PASTA ALLA CARBONARA",0,1,NULL,2021-08-30,NULL,"2021-08-30 16:10:51.637000",e.governa,NULL,NULL,NULL
319,3,"PLATESSA AL FORNO",1,1,NULL,2021-08-30,NULL,"2021-08-30 16:21:34.920000",e.governa,"2021-11-17 19:41:50.773000",m.cannarozzo,NULL
320,3,"FRITTATA AL FORMAGGIO",0,1,NULL,2021-08-30,NULL,"2021-08-30 16:29:16.003000",e.governa,NULL,NULL,NULL
321,3,"FRITTATA AI PORRI",0,1,NULL,2021-08-30,NULL,"2021-08-30 16:33:12.413000",e.governa,NULL,NULL,NULL
322,2,"PASTA E FAGIOLI",0,1,NULL,2021-08-30,NULL,"2021-08-30 16:36:01.460000",e.governa,"2021-11-17 17:10:52.623000",m.cannarozzo,NULL
323,2,"CREMA DI ZUCCA",0,1,SEDANO,2021-08-31,NULL,"2023-11-09 09:00:53.163000",v.giurdanella,NULL,NULL,NULL
324,3,"ROLATA DI TACCHINO/MAIONESE",0,1,NULL,2021-09-01,NULL,"2023-04-06 07:47:31.650000",f.gallo,NULL,NULL,NULL
325,2,"RISOTTO ZUCCA E PANCETTA",0,1,NULL,2021-09-01,NULL,"2021-09-01 13:39:37.513000",e.governa,NULL,NULL,NULL
326,3,"ROLATA TACCHINO FARCITA",1,1,NULL,2021-09-01,NULL,"2023-04-06 07:44:50.047000",f.gallo,NULL,NULL,NULL
327,2,"GNOCCHI AL RAGù",0,1,"GLUTINE, SEDANO, ANIDRIDE SOLFOROSA E SOLFITI",2021-09-01,NULL,"2023-11-09 09:05:47.047000",v.giurdanella,NULL,NULL,NULL
328,2,"RISOTTO PROSCIUTTO E PISELLI",1,1,NULL,2021-09-01,NULL,"2023-04-07 10:06:05.587000",s.diberti,NULL,NULL,NULL
329,2,"PASTA MAIS ALLA PAPALINA",0,1,NULL,2021-09-02,NULL,"2021-09-02 15:50:41.707000",e.governa,"2022-12-21 15:44:35.017000",s.diberti,NULL
330,2,"PASTA DI MAIS PANNA E SPECK",0,1,NULL,2021-09-02,NULL,"2021-09-02 16:08:07.603000",e.governa,NULL,NULL,NULL
331,2,"PASTA DI MAIS ALLA CARBONARA",0,1,NULL,2021-09-02,NULL,"2021-09-02 16:08:30.457000",e.governa,NULL,NULL,NULL
332,2,"PASTA DI MAIS E CECI",0,0,NULL,2021-09-03,NULL,"2021-09-03 10:19:47.647000",e.governa,NULL,NULL,NULL
333,2,"PASTA ALLA PAPALINA",0,1,NULL,2021-09-03,NULL,"2021-09-03 10:36:37.413000",e.governa,"2021-12-08 09:52:08.363000",m.cannarozzo,NULL
334,2,"PASTA DI MAIS E FAGIOLI",0,1,NULL,2021-09-03,NULL,"2021-09-03 15:54:57.120000",e.governa,NULL,NULL,NULL
335,3,"POLPETTE SALSA CAROTE",1,1,NULL,2021-09-13,NULL,"2021-09-13 14:42:04.977000",g.diana,NULL,NULL,NULL
336,3,"ARISTA FREDDA/MAIONESE",1,0,NULL,2021-09-15,NULL,"2021-09-15 16:23:27.180000",g.diana,NULL,NULL,NULL
337,4,"BIETOLE ALL'OLIO",1,1,NULL,2021-09-27,NULL,"2022-05-05 10:06:52.733000",s.diberti,NULL,NULL,NULL
338,3,"FLAN  DI CARNE",1,1,NULL,2021-10-11,NULL,"2021-10-11 15:50:24.653000",e.governa,NULL,NULL,NULL
339,2,"PASTA APROTEICA AI BROCCOLI",0,1,NULL,2021-10-13,NULL,"2021-10-13 14:27:58.160000",e.governa,NULL,NULL,NULL
340,4,"SPINACI ALL'OLIO",1,1,NULL,2021-10-16,NULL,"2021-10-16 17:47:36.960000",G.DIANA,NULL,NULL,NULL
341,2,"ORECCHIETTE AL POMODORO",0,1,NULL,2021-10-19,NULL,"2022-03-23 11:43:48.480000",e.governa,NULL,NULL,NULL
342,3,"SPEZZATINO BOVINO AL POMODORO",0,1,NULL,2021-10-21,NULL,"2022-03-29 16:10:05.580000",e.governa,NULL,NULL,NULL
343,2,POLENTA,0,1,NULL,2021-10-21,NULL,"2021-10-21 12:36:36.137000",E.GOVERNA,NULL,NULL,NULL
344,3,"FRITTATA AGLI SPINACI",0,1,NULL,2021-10-21,NULL,"2021-10-21 15:21:34.367000",e.governa,NULL,NULL,NULL
345,3,"ARROSTO DI TACCHINO",0,1,NULL,2021-10-26,NULL,"2022-03-23 11:44:16.107000",e.governa,NULL,NULL,NULL
346,2,"PASTA DI MAIS AL TONNO",1,1,NULL,2021-10-27,NULL,"2021-10-27 12:18:04.417000",e.governa,"2021-11-03 10:15:42.747000",m.cannarozzo,NULL
347,2,"PASTA DI MAIS ALLA PAPALINA",0,1,NULL,2021-10-27,NULL,"2021-10-27 12:36:15.820000",e.governa,"2022-12-21 15:44:27.500000",s.diberti,NULL
348,3,"SCALOPPE TACCHINO ALLA PIZZAIOLA",0,1,NULL,2021-11-17,NULL,"2022-05-26 16:19:05.660000",s.diberti,NULL,NULL,NULL
349,3,"HALIBUT AL FORNO",1,1,NULL,2021-11-17,NULL,"2022-03-23 11:44:55.513000",e.governa,NULL,NULL,NULL
350,3,"HALIBUT CON PATATE",1,1,NULL,2021-11-17,NULL,"2022-03-23 11:38:22.393000",e.governa,NULL,NULL,NULL
351,3,"HALIBUT AL VERDE",1,1,NULL,2021-11-17,NULL,"2022-03-23 11:45:28.990000",e.governa,NULL,NULL,NULL
352,2,"orecchiette ai broccoli",0,1,NULL,2021-11-17,NULL,"2021-11-17 14:12:12.417000",e.governa,"2021-11-17 16:22:28.987000",m.cannarozzo,NULL
353,4,"PATATE AL FORNO",1,1,NULL,2021-11-18,NULL,"2021-11-18 11:54:14.320000",e.governa,NULL,NULL,NULL
354,3,"HALIBUT ALLA MEDITERRANEA",1,1,NULL,2021-11-24,NULL,"2021-12-02 12:16:17.647000",m.cannarozzo,NULL,NULL,NULL
355,3,"PLATESSA ALLA MEDITERRANEA",1,1,NULL,2021-12-02,NULL,"2021-12-02 11:56:15.257000",m.cannarozzo,NULL,NULL,NULL
356,2,"TORTELLINI IN BRODO",0,1,NULL,2021-12-07,NULL,"2021-12-07 11:26:50.430000",e.governa,NULL,NULL,NULL
357,3,"SPEZZATINO BOVINO AI FUNGHI",0,1,NULL,2021-12-07,NULL,"2021-12-07 11:27:53.017000",e.governa,NULL,NULL,NULL
358,3,"POLPET SALSA FUNGHI",0,1,NULL,2021-12-07,NULL,"2021-12-07 11:38:45.270000",e.governa,NULL,NULL,NULL
359,3,"HALIBUT OLIO E LIMONE",1,1,NULL,2021-12-29,NULL,"2022-03-23 11:40:22.123000",e.governa,NULL,NULL,NULL
360,3,"POLPETTE DI NASELLO IN SALSA DI CAROTE",1,1,NULL,2022-01-05,NULL,"2022-01-05 13:09:29.780000",e.governa,NULL,NULL,NULL
361,3,CASTELLANE,0,1,NULL,2022-02-06,NULL,"2022-02-06 10:24:02.917000",m.cannarozzo,NULL,NULL,NULL
362,3,"ARISTA AL LATTE",1,1,NULL,2022-02-10,NULL,"2024-01-03 07:23:57.387000",f.gallo,NULL,NULL,NULL
363,3,"SFORMATO DI CECI",0,1,NULL,2022-02-10,NULL,"2023-03-30 11:50:34.877000",s.diberti,"2023-11-08 10:33:37.927000",s.diberti,NULL
364,2,"SALSA PESTO PANNA e POMODORO",0,0,NULL,2022-03-10,NULL,"2022-03-10 13:46:55.123000",m.cannarozzo,NULL,NULL,NULL
365,2,"AGNOLOTTI AL RAGU' BIANCO",0,1,"GLUTINE, UOVA, SEDANO, LATTE, ANIDRIDE SOLFOROSA E SOLFITI",2022-03-23,NULL,"2023-11-09 08:48:47.847000",v.giurdanella,NULL,NULL,NULL
366,3,"ROLATA TACCHINO FARCITA",0,1,NULL,2022-03-23,NULL,"2022-03-23 11:19:26.730000",e.governa,"2022-03-29 16:09:39.433000",e.governa,NULL
367,3,"MANZO AFFUMICATO",1,1,NULL,2022-03-23,NULL,"2022-03-23 11:26:38.740000",e.governa,NULL,NULL,NULL
368,3,"ROLATA TACCHINO FARCITA",1,1,NULL,2022-03-23,NULL,"2022-03-23 11:34:09.707000",e.governa,"2022-07-12 11:31:37.960000",m.cannarozzo,NULL
369,3,"SFORMATO DI LENTICCHIE",1,1,NULL,2022-03-29,NULL,"2023-03-22 09:46:34.607000",s.diberti,NULL,NULL,NULL
370,3,"HALIBUT ALLA PIZZAIOLA",1,1,NULL,2022-04-03,NULL,"2022-04-03 08:53:35.357000",m.cannarozzo,NULL,NULL,NULL
371,1,"SALSA TARTARA",1,0,"UOVA, ANIDRIDE SOLFOROSA E SOLFITI, SEDANO",2022-04-03,NULL,"2023-11-09 08:43:12.430000",v.giurdanella,NULL,NULL,NULL
372,2,"SUGO CECI E VONGOLE",1,1,NULL,2022-04-13,NULL,"2023-02-13 12:04:46.537000",m.cannarozzo,NULL,NULL,NULL
373,2,"RISOTTO AI FORMAGGI CON BALSAMICO",0,1,NULL,2022-04-13,NULL,"2022-04-13 15:46:16.717000",s.diberti,NULL,NULL,NULL
374,2,"RISOTTO CON SUGO CECI E VONGOLE",0,0,NULL,2022-04-14,NULL,"2022-05-09 16:28:19.993000",m.cannarozzo,NULL,NULL,NULL
375,2,"RISOTTO CON CREMA DI FORMAGGI E RISTRETTO DI BALSAMICO",1,1,NULL,2022-04-14,NULL,"2022-04-14 19:01:07.563000",m.cannarozzo,NULL,NULL,NULL
376,2,"RISOTTO ZUCCHINE E PANCETTA",1,1,NULL,2022-04-19,NULL,"2022-04-19 14:34:54.677000",m.cannarozzo,NULL,NULL,NULL
377,2,"RISOTTO ZUCCHINE E PANCETTA",1,1,NULL,2022-04-19,NULL,"2022-04-19 14:37:18.663000",s.diberti,"2022-04-19 14:44:32.360000",s.diberti,NULL
378,3,"INSALATA DI HALIBUT",1,0,NULL,2022-04-19,NULL,"2022-04-19 16:57:21.007000",m.cannarozzo,NULL,NULL,NULL
379,3,"HALIBUT CON CREMA FREDDA DI VERDURE",1,0,NULL,2022-04-19,NULL,"2022-04-19 17:28:17.597000",m.cannarozzo,NULL,NULL,NULL
380,3,"SCALOPPE VITELLO AL MARSALA",1,1,NULL,2022-04-29,NULL,"2022-05-26 16:23:58.517000",s.diberti,"2022-07-12 11:38:16.960000",m.cannarozzo,NULL
381,3,"SCALOPPE POLLO AL MARSALA",1,1,NULL,2022-04-29,NULL,"2022-05-26 16:21:02.817000",s.diberti,NULL,NULL,NULL
382,3,"FAGIOLI TONNO E MAIS",1,0,NULL,2022-04-29,NULL,"2022-04-29 16:42:22.150000",s.diberti,NULL,NULL,NULL
383,4,"RATATOUILLE di CAROTE, ZUCCHINE E PATATE",1,0,NULL,2022-04-29,NULL,"2024-04-08 10:04:03.400000",s.diberti,NULL,NULL,NULL
384,4,"RATATOUILLE INVERNALE",0,1,NULL,2022-04-29,NULL,"2022-04-29 16:50:40.057000",s.diberti,NULL,NULL,NULL
385,3,"polpette con salsa al marsala",1,1,NULL,2022-04-29,NULL,"2022-04-29 16:31:32.630000",s.diberti,"2022-04-29 16:36:00.637000",s.diberti,NULL
386,3,"POLPETTE AL MARSALA",1,1,NULL,2022-04-29,NULL,"2022-04-29 16:43:43.380000",s.diberti,NULL,NULL,NULL
387,3,"UOVA E LENTICCHIE",1,1,NULL,2022-04-29,NULL,"2022-04-29 16:41:27.537000",s.diberti,NULL,NULL,NULL
388,3,"UOVA TONNO E PISELLI",1,0,NULL,2022-04-29,NULL,"2023-03-31 11:45:17.487000",s.diberti,NULL,NULL,NULL
389,4,"PEPERONI E PATATE",1,0,NULL,2022-04-29,NULL,"2022-05-06 15:25:38.633000",s.diberti,NULL,NULL,NULL
390,2,"VELLUTATA DI CAVOLFIORI CON LENTICCHIE",0,1,NULL,2022-04-29,NULL,"2022-04-29 16:53:10.970000",s.diberti,NULL,NULL,NULL
391,4,"INSALATA VERDE E CAROTE",1,0,NULL,2022-05-04,NULL,"2022-05-04 16:27:34.347000",s.diberti,NULL,NULL,NULL
392,2,"PASTA CAROTE E ZUCCHINE",1,0,NULL,2022-05-04,NULL,"2022-05-04 16:25:21.077000",s.diberti,NULL,NULL,NULL
393,2,"GNOCCHI AL RAGU' BIANCO",1,0,"GLUTINE, LATTE, SEDANO, ANIDRIDE SOLFORSA E SOLFITI",2022-05-05,NULL,"2023-11-09 09:06:30.717000",v.giurdanella,NULL,NULL,NULL
394,4,"MELANZANE AL POMODORO",1,0,NULL,2022-05-05,NULL,"2022-05-05 09:25:53.753000",s.diberti,NULL,NULL,NULL
395,4,"MELANZANE POMODORO E PARMIGIANO",1,0,NULL,2022-05-05,NULL,"2022-05-05 09:30:47.843000",s.diberti,NULL,NULL,NULL
396,4,"MELANZANE GRATINATE CON PARMIGIANO",1,0,NULL,2022-05-05,NULL,"2023-04-07 09:43:09.977000",s.diberti,NULL,NULL,NULL
397,4,"BIETOLE AL PARMIGIANO",1,1,NULL,2022-05-05,NULL,"2022-05-05 09:42:55.770000",s.diberti,"2022-08-24 14:04:44.100000",m.cannarozzo,NULL
398,4,"BIETOLE AL BURRO",1,1,NULL,2022-05-05,NULL,"2022-05-05 09:44:43.130000",s.diberti,"2022-08-24 14:04:37.710000",m.cannarozzo,NULL
399,4,"INSALATA POMODORO E MAIS",1,0,NULL,2022-05-05,NULL,"2022-05-05 09:55:36.660000",s.diberti,NULL,NULL,NULL
400,4,"INSALATA FAGIOLINI E POMODORI",1,0,NULL,2022-05-05,NULL,"2022-05-05 09:57:16.640000",s.diberti,NULL,NULL,NULL
401,2,"PASTA DI MAIS AL RAGU' BIANCO",1,0,NULL,2022-05-05,NULL,"2022-05-05 10:01:55.257000",s.diberti,NULL,NULL,NULL
402,2,"PASTA AL RAGU' BIANCO E VERDURINE",1,0,NULL,2022-05-05,NULL,"2023-03-22 10:01:03.233000",s.diberti,NULL,NULL,NULL
403,3,"SCALOPPINE DI POLLO AL VINO BIANCO",1,1,NULL,2022-05-06,NULL,"2022-05-06 14:55:02.813000",s.diberti,"2022-05-26 16:23:24.073000",s.diberti,NULL
404,4,"INSALATA VERDE E POMODORO",1,0,NULL,2022-05-06,NULL,"2022-05-06 14:57:29.127000",s.diberti,NULL,NULL,NULL
405,3,"POLLO AI FERRI",1,1,NULL,2022-05-06,NULL,"2022-05-06 15:05:10.830000",s.diberti,NULL,NULL,NULL
406,2,"SALSA DI POMODORO E PANNA",1,1,NULL,2022-05-09,NULL,"2022-05-09 16:36:13.457000",m.cannarozzo,NULL,NULL,NULL
407,3,"HAMBURGER DI LENTICCHIE",1,1,NULL,2022-05-09,NULL,"2022-05-09 17:45:48.373000",m.cannarozzo,NULL,NULL,NULL
408,2,"PASTA AL PESTO GENOVESE",1,0,NULL,2022-05-10,NULL,"2022-06-08 19:10:31.907000",m.cannarozzo,NULL,NULL,NULL
409,2,"PASTA ZUCCHINE E ZAFFERANO",1,0,NULL,2022-05-10,NULL,"2022-05-10 16:18:56.117000",s.diberti,NULL,NULL,NULL
410,2,"PASTA DI MAIS ALLE MELANZANE",1,0,NULL,2022-05-19,NULL,"2023-03-22 10:18:30.460000",s.diberti,NULL,NULL,NULL
411,3,"POLPETTE CON CREMA DI ZUCCHINE",1,0,NULL,2022-05-19,NULL,"2022-05-19 15:57:35.870000",s.diberti,NULL,NULL,NULL
412,3,"MERLUZZO IN INSALATA",1,0,NULL,2022-05-26,NULL,"2022-05-26 15:30:04.493000",s.diberti,NULL,NULL,NULL
413,2,"ORECCHIETTE ZUCCHINE E ZAFFERANO",1,0,NULL,2022-05-26,NULL,"2022-05-26 15:36:14.993000",s.diberti,NULL,NULL,NULL
414,3,"POLPETTE SALSA PEPERONI",1,0,NULL,2022-05-26,NULL,"2022-05-26 15:41:42.127000",s.diberti,"2022-05-26 15:45:25.550000",s.diberti,NULL
415,3,"ARROSTO TACCHINO CON SALSA FREDDA",1,0,NULL,2022-05-26,NULL,"2022-05-26 15:53:41.473000",s.diberti,NULL,NULL,NULL
416,3,"SCALOPPE VITELLO AL LIMONE",1,1,NULL,2022-05-26,NULL,"2022-05-26 16:23:35.523000",s.diberti,"2022-07-12 11:38:11.520000",m.cannarozzo,NULL
417,3,"SCALOPPE VITELLO PIZZAIOLA",1,1,NULL,2022-05-26,NULL,"2022-05-26 16:24:25.147000",s.diberti,"2022-07-12 11:38:22.240000",m.cannarozzo,NULL
418,4,"PUREA DI PISELLI",1,1,NULL,2022-05-27,NULL,"2022-06-07 15:35:17.633000",s.diberti,NULL,NULL,NULL
419,2,"TROFIE ALLE MELANZANE",1,0,NULL,2022-05-30,NULL,"2023-03-22 10:19:11.217000",s.diberti,NULL,NULL,NULL
420,3,"POLPETTE SALSA FUNGHI",1,1,NULL,2022-05-30,NULL,"2022-05-30 10:23:51.843000",s.diberti,NULL,NULL,NULL
421,3,"UOVA PISELLI E POMODORO",1,0,NULL,2022-05-30,NULL,"2022-05-30 14:57:12.963000",s.diberti,"2022-07-14 12:04:29.573000",m.cannarozzo,NULL
422,3,"BOCCONCINI POLLO E PEPERONI",1,0,NULL,2022-05-30,NULL,"2022-05-30 10:44:03.353000",s.diberti,NULL,NULL,NULL
423,3,"ARROSTO VITELLO FREDDO AL BALSAMICO",1,0,NULL,2022-05-30,NULL,"2022-05-30 10:51:18.467000",s.diberti,NULL,NULL,NULL
424,3,"SCALOPPA DI MAIALE AL LIMONE",0,0,NULL,2022-05-30,NULL,"2022-05-30 14:54:17.637000",s.diberti,NULL,NULL,NULL
425,2,"PASTA DI MAIS ALLE VONGOLE",1,0,NULL,2022-05-30,NULL,"2022-05-30 15:24:10.683000",s.diberti,NULL,NULL,NULL
426,3,"HALIBUT CON SALSA GAZPACHO",1,0,NULL,2022-05-31,NULL,"2022-05-31 15:09:33.243000",s.diberti,NULL,NULL,NULL
427,2,"TROFIE AL POMODORO",1,1,NULL,2022-05-31,NULL,"2022-05-31 15:11:58.277000",s.diberti,NULL,NULL,NULL
428,3,"SCALOPPINA DI MAIALE ALLA PIZZAIOLA",1,1,NULL,2022-05-31,NULL,"2022-05-31 16:43:59.337000",s.diberti,NULL,NULL,NULL
429,2,GAZPACHO,1,0,"GLUTINE, ANIDRIDE SOLFOROSA E SOLFITI",2022-06-02,NULL,"2023-11-09 09:03:26.473000",v.giurdanella,NULL,NULL,NULL
430,1,"RAGU' BIANCO",1,1,"SEDANO, ANIDRIDE SOLFOROSA E SOLFITI, LATTE",2022-06-27,NULL,"2023-11-09 08:33:27.080000",v.giurdanella,NULL,NULL,NULL
431,3,"UOVA SODE PISELLI E POMODORO",0,1,NULL,2022-07-14,NULL,"2022-07-14 13:37:51.533000",m.cannarozzo,NULL,NULL,NULL
432,3,"BOCCONCINI POLLO AL CURRY",1,1,NULL,2022-07-22,NULL,"2022-07-22 15:22:59.213000",s.diberti,NULL,NULL,NULL
433,3,"INSALATA DI MERLUZZO E PATATE",0,1,NULL,2022-08-18,NULL,"2023-03-27 14:04:47.497000",m.cannarozzo,NULL,NULL,NULL
434,3,"INSALATA DI TACCHINO",1,0,NULL,2022-08-19,NULL,"2022-08-19 18:52:55.653000",m.cannarozzo,NULL,NULL,NULL
435,3,"CONIGLIO ALLA CACCIATORA",1,1,NULL,2022-08-24,NULL,"2022-08-24 14:01:09.677000",m.cannarozzo,NULL,NULL,NULL
436,3,"POLLO CON PEPERONI E CIPOLLA",0,0,NULL,2022-08-29,NULL,"2022-08-29 13:31:40.330000",m.cannarozzo,NULL,NULL,NULL
437,3,"FUSI DI POLLO CON PATATE E POMODORI",0,0,NULL,2022-09-12,NULL,"2022-09-12 10:28:35.820000",m.cannarozzo,NULL,NULL,NULL
438,3,"FLAN DI RICOTTA E FUNGHI",0,1,NULL,2022-09-26,NULL,"2022-09-26 14:24:09.100000",s.diberti,NULL,NULL,NULL
439,3,"FLAN RICOTTA E VERDURE",1,1,NULL,2022-09-26,NULL,"2022-09-26 14:26:08.663000",s.diberti,NULL,NULL,NULL
440,3,"FLAN RICOTTA E SPINACI",1,1,NULL,2022-09-26,NULL,"2022-09-26 14:28:07.950000",s.diberti,NULL,NULL,NULL
441,3,"FLAN RICOTTA E ZUCCA",0,1,NULL,2022-09-26,NULL,"2022-09-26 14:28:45.837000",s.diberti,NULL,NULL,NULL
442,3,"HAMBURGER DI CARNE E VERDURE",1,1,Febbraio2023,2022-09-26,NULL,"2023-02-14 14:09:00.323000",m.cannarozzo,NULL,NULL,NULL
443,2,"RISOTTO AI FORMAGGI",0,1,NULL,2022-09-26,NULL,"2022-09-26 14:48:28.887000",s.diberti,NULL,NULL,NULL
444,3,"SFORMATO DI LENTICCHIE",1,1,NULL,2022-09-26,NULL,"2022-09-26 14:51:43.937000",s.diberti,"2023-11-08 10:33:55.230000",s.diberti,NULL
445,3,"SFORMATO DI CECI",1,1,NULL,2022-09-26,NULL,"2022-09-26 14:53:42.230000",s.diberti,NULL,NULL,NULL
446,3,"SFORMATO DI LEGUMI",1,1,NULL,2022-09-26,NULL,"2022-09-26 14:55:41.700000",s.diberti,NULL,NULL,NULL
447,3,"SEPPIE PATATE E PISELLI",1,1,NULL,2022-09-26,NULL,"2022-09-26 15:02:20.943000",s.diberti,NULL,NULL,NULL
448,3,"BOCCONCINI DI POLLO AL LIMONE",1,1,NULL,2022-09-26,NULL,"2022-09-26 15:08:47.597000",s.diberti,NULL,NULL,NULL
449,3,"SPEZZATINO DI VITELLO CIPOLLE E VINO ROSSO",0,1,NULL,2022-09-26,NULL,"2022-09-26 15:13:55.840000",s.diberti,NULL,NULL,NULL
450,2,"ORECCHIETTE CON CREMA ALLE CIME DI RAPA",0,1,NULL,2022-09-26,NULL,"2022-09-26 15:46:12.400000",s.diberti,NULL,NULL,NULL
451,2,"PASTA AI FORMAGGI",0,1,NULL,2022-09-26,NULL,"2022-09-26 15:50:20.153000",s.diberti,NULL,NULL,NULL
452,2,"PASTA ASCIUTTA CON LEGUMI",0,1,NULL,2022-09-28,NULL,"2022-09-28 12:33:09.747000",s.diberti,NULL,NULL,NULL
453,3,"MERLUZZO SALSA DI AGRUMI",0,1,NULL,2022-09-28,NULL,"2022-09-28 12:39:43.327000",s.diberti,NULL,NULL,NULL
454,2,"VELLUTATA DI CAVOLFIORI",0,1,NULL,2022-09-28,NULL,"2022-09-28 12:43:18.920000",s.diberti,NULL,NULL,NULL
455,3,"FAGIOLATA CON TONNO E CIPOLLE",0,1,NULL,2022-09-28,NULL,"2022-09-28 12:53:48.383000",s.diberti,NULL,NULL,NULL
456,2,"CREMA PATATE E PORRI",1,1,SEDANO,2022-09-28,NULL,"2023-11-09 09:02:10.547000",v.giurdanella,NULL,NULL,NULL
457,3,"SCALOPPE TACCHINO ERBE AROMATICHE",1,1,NULL,2022-09-28,NULL,"2022-09-28 13:02:24.083000",s.diberti,NULL,NULL,NULL
458,4,"SPINACI all'AGLIO",1,1,NULL,2022-10-07,NULL,"2022-10-07 15:00:27.160000",s.diberti,NULL,NULL,NULL
459,4,"FINOCCHI AL BURRO",0,1,NULL,2022-10-07,NULL,"2022-10-07 15:02:41.627000",s.diberti,NULL,NULL,NULL
460,2,"PASTA ZUCCA E PANCETTA",0,1,NULL,2022-10-07,NULL,"2022-10-07 15:22:12.870000",s.diberti,NULL,NULL,NULL
461,4,"BROCCOLI ALL'AGLIO",0,1,NULL,2022-10-07,NULL,"2022-10-07 15:33:17.360000",s.diberti,NULL,NULL,NULL
462,4,"CAVOLFIORI SAPORITI CON ACCIUGHE",0,1,NULL,2022-10-07,NULL,"2022-10-07 15:35:05.683000",s.diberti,NULL,NULL,NULL
463,4,"CAVOLFIORI AL BURRO",0,1,NULL,2022-10-07,NULL,"2022-10-07 15:36:21.887000",s.diberti,NULL,NULL,NULL
464,4,"PISELLI AL POMODORO",1,1,NULL,2022-10-07,NULL,"2022-10-07 15:37:56.893000",s.diberti,NULL,NULL,NULL
465,4,"PISELLI CON PROSCIUTTO",1,1,NULL,2022-10-07,NULL,"2022-10-07 15:39:23.710000",s.diberti,NULL,NULL,NULL
466,3,"FRITTATA DI CIPOLLE",0,1,NULL,2022-10-14,NULL,"2022-10-14 15:44:46.447000",s.diberti,NULL,NULL,NULL
467,3,"SEPPIE PATATE E POMODORO",1,1,NULL,2022-10-14,NULL,"2022-10-14 15:36:59.117000",s.diberti,NULL,NULL,NULL
468,3,"BOCCONCINI DI POLLO AI FUNGHI",0,1,NULL,2022-10-14,NULL,"2022-10-14 15:41:37.430000",s.diberti,NULL,NULL,NULL
469,3,"FRITTATA DI PATATE",0,1,NULL,2022-10-14,NULL,"2022-10-14 15:45:18.920000",s.diberti,"2023-03-11 17:55:49.360000",m.cannarozzo,NULL
470,2,"RISOTTO FAGIOLI E PANCETTA",0,1,NULL,2022-10-17,NULL,"2022-10-17 16:02:36.773000",s.diberti,NULL,NULL,NULL
471,3,"SCALOPPINA DI MAIALE AGLI AGRUMI",0,1,NULL,2022-10-17,NULL,"2022-10-17 16:05:46.753000",s.diberti,NULL,NULL,NULL
472,2,"POLENTA CONCIA",0,1,NULL,2022-10-17,NULL,"2022-10-17 16:10:11.620000",s.diberti,NULL,NULL,NULL
473,3,"MERLUZZO IN CREMA AL LATTE CIPOLLE E ACCIUGHE",0,1,NULL,2022-10-17,NULL,"2022-10-17 16:12:10.323000",s.diberti,NULL,NULL,NULL
474,2,"TROFIE CON CREMA DI PANNA E PROSCIUTTO",0,1,NULL,2022-10-20,NULL,"2022-11-02 12:29:17.663000",s.diberti,NULL,NULL,NULL
475,2,"PASTA PANNA SPECK E FUNGHI",0,1,NULL,2022-10-25,NULL,"2022-10-25 15:55:38.710000",s.diberti,NULL,NULL,NULL
476,3,"POLPETTONE CON CREMA DI CAVOLFIORE",0,1,NULL,2022-10-28,NULL,"2022-10-28 15:34:05.377000",i.capizzi,NULL,NULL,NULL
477,2,"PASTA DI MAIS PANNA SPECK E FUNGHI",0,1,NULL,2022-10-28,NULL,"2022-10-28 16:16:34.433000",s.diberti,NULL,NULL,NULL
478,2,"PASTA CREMA DI PANNA SPECK E FUNGHI",0,1,NULL,2022-10-28,NULL,"2022-10-28 16:40:33.020000",s.diberti,NULL,NULL,NULL
479,3,"FUSI DI POLLO ALL' ARANCIA",0,1,NULL,2022-11-03,NULL,"2022-11-03 09:13:11.520000",m.cannarozzo,NULL,NULL,NULL
480,3,"CONIGLIO AGRUMATO CON OLIVE",0,1,NULL,2022-11-14,NULL,"2022-11-14 14:29:08.323000",m.cannarozzo,NULL,NULL,NULL
481,2,"PASTA DI MAIS AI FUNGHI",0,1,NULL,2022-11-14,NULL,"2022-11-14 14:31:23.543000",s.diberti,NULL,NULL,NULL
482,1,"SALSA POMODORO E PANNA",1,1,"SEDANO, LATTE",2022-12-05,NULL,"2023-11-09 08:40:04.397000",v.giurdanella,NULL,NULL,NULL
483,2,"LASAGNA CON GAMBERETTI E BESCIAMELLA  E BIETOLINE",1,1,NULL,2022-12-07,NULL,"2023-11-19 11:07:39.410000",m.cannarozzo,NULL,NULL,NULL
484,3,"STRACOTTO DI MANZO CON SALSA AI FUNGHI",0,1,NULL,2022-12-07,NULL,"2022-12-07 11:27:25.200000",s.diberti,NULL,NULL,NULL
485,4,"PATATE AL FORNO AGLI AROMI",0,1,NULL,2022-12-07,NULL,"2022-12-07 11:31:17.243000",s.diberti,NULL,NULL,NULL
486,1,PANETTONE,0,1,NULL,2022-12-07,NULL,"2022-12-07 11:32:46.227000",s.diberti,"2023-02-08 17:01:05.023000",M.CANNAROZZO,NULL
487,2,"CAPPELLETTI IN BRODO",0,1,"UOVA, GLUTINE, LATTE, SEDANO",2022-12-07,NULL,"2023-11-09 08:51:58.637000",v.giurdanella,NULL,NULL,NULL
488,3,"cotechino e lenticchie",0,1,NULL,2022-12-16,NULL,"2022-12-16 12:26:19.007000",s.diberti,NULL,NULL,NULL
489,2,"MINESTRA DI CECI E ZUCCA",0,1,NULL,2022-12-16,NULL,"2023-03-22 10:12:53.100000",s.diberti,NULL,NULL,NULL
490,2,"CREMA DI CECI E ZUCCA",0,1,SEDANO,2022-12-16,NULL,"2023-11-09 08:54:46.657000",v.giurdanella,NULL,NULL,NULL
491,4,"INSALATA DI FINOCCHI E ARANCE",0,1,NULL,2023-01-31,NULL,"2023-01-31 15:03:11.133000",s.diberti,NULL,NULL,NULL
492,2,"ZUPPA DI CEREALI E LEGUMI",1,1,NULL,2023-01-31,NULL,"2023-01-31 15:05:59.990000",s.diberti,NULL,NULL,NULL
493,3,"SGOMBRO CECI E OLIVE",0,1,NULL,2023-01-31,NULL,"2023-03-31 12:05:38.700000",s.diberti,NULL,NULL,NULL
494,2,"PASTA AI CAVOLFIORI GRATINATA",0,1,NULL,2023-02-06,NULL,"2023-09-18 11:16:12.763000",s.diberti,NULL,NULL,NULL
495,2,"VELLUTATA DI VERZA E PATATE",0,1,NULL,2023-02-07,NULL,"2023-02-07 10:21:13.440000",s.diberti,NULL,NULL,NULL
496,2,"GNOCCHI ALLO ZAFFERANO E SPECK",1,1,"GLUTINE, LATTE",2023-02-08,NULL,"2023-11-09 09:07:57.657000",v.giurdanella,NULL,NULL,NULL
497,3,"FLAN DI CAROTE E CAVOLFIORI IN SALSA DI ACCIUGHE",1,1,NULL,2023-02-08,NULL,"2023-05-08 11:43:12.007000",m.cannarozzo,NULL,NULL,NULL
498,4,"zucca e patate al forno",0,1,NULL,2023-02-08,NULL,"2023-02-08 15:30:00.700000",s.diberti,NULL,NULL,NULL
499,3,"FLAN DI CAVOLFIORI CON CREMA AL CURRY",0,1,NULL,2023-02-08,NULL,"2023-02-08 15:34:46.927000",s.diberti,NULL,NULL,NULL
500,3,"HAMBURGER DI LEGUMI E VERDURE",1,1,NULL,2023-02-08,NULL,"2023-02-08 15:48:42.680000",s.diberti,NULL,NULL,NULL
501,2,"RISOTTO CARCIOFI E ASPARAGI",1,1,NULL,2023-02-08,NULL,"2023-02-08 15:55:45.500000",s.diberti,NULL,NULL,NULL
502,2,"VELLUTATA DI PATATE E VERZA",0,1,NULL,2023-02-13,NULL,"2023-02-13 09:05:57.063000",m.cannarozzo,NULL,NULL,NULL
503,2,"risotto radicchio e mele",0,1,NULL,2023-02-14,NULL,"2023-02-14 10:06:11.977000",s.diberti,NULL,NULL,NULL
504,4,"INSALATA DI FINOCCHI E CAROTE",0,1,NULL,2023-02-14,NULL,"2023-02-14 10:08:54.790000",s.diberti,NULL,NULL,NULL
505,2,"LASAGNA ASPARAGI E VONGOLE",1,1,NULL,2023-02-14,NULL,"2023-02-14 10:19:00.813000",s.diberti,NULL,NULL,NULL
506,3,"ROLATA DI TACCHINO",0,1,NULL,2023-02-14,NULL,"2023-02-14 11:32:18.457000",s.diberti,"2023-04-06 07:42:10.393000",f.gallo,NULL
507,2,"PASTA DI MAIS VONGOLE E ASPARAGI",1,1,NULL,2023-02-14,NULL,"2023-02-14 11:47:33.590000",s.diberti,NULL,NULL,NULL
508,3,"BOCCONCINI DI MAIALE CON VERDURE",0,1,NULL,2023-02-16,NULL,"2023-02-16 09:23:15.817000",m.cannarozzo,NULL,NULL,NULL
509,3,"SFORMATO DI CECI",1,1,NULL,2023-02-16,NULL,"2023-02-16 10:42:33.387000",m.cannarozzo,"2023-02-16 12:23:22.323000",m.cannarozzo,NULL
510,3,"FAGIOLI TONNO CIPOLLE",0,1,NULL,2023-02-20,NULL,"2023-02-20 10:22:43.117000",m.cannarozzo,NULL,NULL,NULL
511,1,"CIPOLLA CARAMELLATA",1,1,"ANIDIRDE SOLFOROSA E SOLFITI",2023-02-22,NULL,"2023-11-08 12:50:19.447000",s.diberti,NULL,NULL,NULL
512,3,"FLAN DI RICOTTA E ZUCCHINE IN CREMA DI PARMIGIANO",1,0,NULL,2023-03-22,NULL,"2023-03-22 09:51:02.737000",s.diberti,"2023-03-27 09:22:58.303000",m.cannarozzo,NULL
513,3,"FLAN RICOTTA CAROTE IN CREMA DI FORMAGGIO",1,0,NULL,2023-03-22,NULL,"2023-03-22 09:52:56.503000",s.diberti,NULL,NULL,NULL
514,2,"PASTA ZUCCHINE E PANCETTA",1,0,NULL,2023-03-22,NULL,"2023-03-22 09:54:42.470000",s.diberti,NULL,NULL,NULL
515,2,"CREMA DI PATATE ZUCCHINE E BASILICO",1,0,NULL,2023-03-22,NULL,"2023-03-22 10:03:10.103000",s.diberti,"2023-04-04 09:59:15.980000",s.diberti,NULL
516,3,"SEPPIE E LENTICCHIE",1,0,NULL,2023-03-22,NULL,"2023-03-31 11:42:15.080000",s.diberti,NULL,NULL,NULL
517,2,"PASTA ALLA PUTTANESCA",0,0,NULL,2023-03-27,NULL,"2023-03-27 11:29:22.607000",m.cannarozzo,NULL,NULL,NULL
518,3,"FLAN RICOTTA ZUCCHINE IN CREMA DI PARMIGIANO",1,0,NULL,2023-03-30,NULL,"2023-03-30 11:47:29.973000",s.diberti,NULL,NULL,NULL
519,2,"PASTA TONNO E PREZZEMOLO",1,0,NULL,2023-03-31,NULL,"2023-03-31 12:03:50.240000",s.diberti,NULL,NULL,NULL
520,2,"RISO VENERE ZUCCHINE E GAMBERI",1,0,NULL,2023-03-31,NULL,"2023-03-31 12:14:01.773000",s.diberti,NULL,NULL,NULL
521,3,"SEPPIE CURRY E PISELLI",1,0,NULL,2023-03-31,NULL,"2023-03-31 12:16:11.923000",s.diberti,NULL,NULL,NULL
522,3,"FLAN RICOTTA E ZUCCHINE",1,0,NULL,2023-04-03,NULL,"2023-04-03 14:48:44.247000",s.diberti,NULL,NULL,NULL
523,2,"PASTA DI MAIS PANNA E ZAFFERANO",1,0,NULL,2023-04-04,NULL,"2023-04-04 09:45:27.270000",s.diberti,NULL,NULL,NULL
524,2,"PASTA DI MAIS TONNO E PREZZEMOLO",1,0,NULL,2023-04-04,NULL,"2023-04-04 09:48:34.133000",s.diberti,NULL,NULL,NULL
525,2,"CREMA DI PATATE, ZUCCHINE E BASILICO",1,0,SEDANO,2023-04-04,NULL,"2023-11-09 08:58:28.363000",v.giurdanella,NULL,NULL,NULL
526,2,"PASTA PANNA E ZAFFERANO",1,0,NULL,2023-04-04,NULL,"2023-04-04 12:03:35.167000",s.diberti,NULL,NULL,NULL
527,4,"ZUCCHINE E PATATE",1,0,NULL,2023-04-04,NULL,"2023-04-04 12:09:20.417000",s.diberti,NULL,NULL,NULL
528,2,"PASTA ZUCCHINE E PISELLI",1,0,NULL,2023-04-05,NULL,"2023-04-05 14:39:59.117000",s.diberti,NULL,NULL,NULL
529,2,"PASTA DI MAIS ZUCCHINE E PISELLI",1,0,NULL,2023-04-05,NULL,"2023-04-05 14:42:13.393000",s.diberti,NULL,NULL,NULL
530,2,"PASTA RAGU' BIANCO E VERDURINE",1,0,NULL,2023-04-05,NULL,"2023-04-05 14:44:01.523000",s.diberti,NULL,NULL,NULL
531,2,"PASTA DI MAIS RAGU' BIANCO E VERDURINE",1,0,NULL,2023-04-05,NULL,"2023-04-05 14:45:10.650000",s.diberti,NULL,NULL,NULL
532,2,"RISOTTO PROSCIUTTO E PISELLI",1,1,NULL,2023-04-07,NULL,"2023-04-07 10:00:29.283000",s.diberti,"2023-04-07 10:05:56.097000",s.diberti,NULL
533,2,"CREMA DI PATATE E PORRI",1,1,NULL,2023-04-07,NULL,"2023-04-07 10:09:13.140000",s.diberti,"2023-04-07 10:22:20.557000",s.diberti,NULL
534,3,"FLAN RICOTTA E CAROTE",1,0,NULL,2023-04-07,NULL,"2023-04-07 10:38:37.887000",s.diberti,NULL,NULL,NULL
535,2,"Pasta con fonduta,pancetta e pomodoro",1,1,NULL,2023-04-24,NULL,"2023-04-24 10:24:38.180000",f.gallo,NULL,NULL,NULL
536,3,"CHILI DI CARNE CON FAGIOLI",1,1,NULL,2023-05-02,NULL,"2023-05-02 14:25:08.537000",m.cannarozzo,NULL,NULL,NULL
537,3,"FAGIOLINI CIPOLLINE TONNO",1,0,NULL,2023-05-08,NULL,"2023-05-08 12:13:32.697000",m.cannarozzo,NULL,NULL,NULL
538,3,"TRIS DI LEGUMI",1,1,NULL,2023-05-16,NULL,"2023-05-16 08:34:31.233000",f.gallo,NULL,NULL,NULL
539,3,"VITELLO TONNATO",1,0,NULL,2023-05-16,NULL,"2023-05-16 09:45:55.327000",s.diberti,"2023-05-16 09:52:12.423000",s.diberti,NULL
540,2,"AGNOLOTTI AL SUGO D'ARROSTO",1,1,NULL,2023-05-16,NULL,"2023-05-16 09:49:26.670000",s.diberti,"2023-05-16 09:51:38.013000",s.diberti,NULL
541,3,"SEPPIE E LEGUMI",1,1,NULL,2023-05-18,NULL,"2023-05-18 09:38:26.063000",f.gallo,NULL,NULL,NULL
542,3,"HALIBUT IN INSALATA",1,0,NULL,2023-05-18,NULL,"2023-05-18 11:20:50.540000",f.gallo,NULL,NULL,NULL
543,3,"SPEZZATINO IN BIANCO",1,0,NULL,2023-05-18,NULL,"2023-05-18 11:40:08.050000",f.gallo,NULL,NULL,NULL
544,3,"CECI GRANA SEDANO e LIMONE",0,0,NULL,2023-05-24,NULL,"2023-05-24 17:13:41.647000",m.cannarozzo,"2023-05-24 18:37:39.210000",m.cannarozzo,NULL
545,3,"CECI GRANA SEDANO e LIMONE",1,0,NULL,2023-05-24,NULL,"2023-05-24 17:56:45.133000",m.cannarozzo,NULL,NULL,NULL
546,3,"CECI SEDANO GRANA e LIMONE",1,0,NULL,2023-05-24,NULL,"2023-05-24 18:33:51.657000",m.cannarozzo,"2023-05-24 18:37:49.693000",m.cannarozzo,NULL
547,2,"COUS COUS CON VERDURE",1,0,"GLUTINE, SEDANO",2023-06-19,NULL,"2023-11-09 08:52:54.720000",v.giurdanella,NULL,NULL,NULL
548,3,"POLPETTE DI MELANZANE CON HUMMUS DI CECI",1,0,NULL,2023-06-19,NULL,"2023-06-19 12:10:20.657000",s.diberti,NULL,NULL,NULL
549,3,"HUMMUS DI CECI E SGOMBRO",1,0,NULL,2023-06-21,NULL,"2023-06-21 08:15:14.253000",f.gallo,NULL,NULL,NULL
550,2,"Paella con pesce",1,0,NULL,2023-07-18,NULL,"2023-07-18 14:20:33.753000",s.diberti,NULL,NULL,NULL
551,3,"HAMBURGER VEGETARIANO",1,1,NULL,2023-07-21,NULL,"2023-07-21 10:30:23.517000",s.diberti,NULL,NULL,NULL
552,2,"INSALATA DI FARRO E VERDURE",1,0,SEDANO,2023-08-17,NULL,"2023-11-09 09:09:17.860000",v.giurdanella,NULL,NULL,NULL
553,3,"INSALATA DI MERLUZZO, POMODORO OLIVE E CAPPERI",1,0,NULL,2023-08-17,NULL,"2023-08-17 15:44:18.683000",s.diberti,NULL,NULL,NULL
554,4,"INSALATA SEDANO E NOCI",1,0,NULL,2023-08-17,NULL,"2023-08-17 15:56:33.727000",s.diberti,NULL,NULL,NULL
555,2,"INSALATA DI FARRO E VERDURE",1,0,NULL,2023-08-21,NULL,"2023-08-21 10:42:51.707000",f.gallo,"2023-08-21 10:48:54.113000",f.gallo,NULL
556,3,"SFORMATO CAVOLFIORI CON FORMAGGIO",0,1,NULL,2023-09-18,NULL,"2024-04-05 08:49:01.963000",i.capizzi,NULL,NULL,NULL
557,2,"CAPPELLETTI IN BRODO",0,1,NULL,2023-09-18,NULL,"2023-09-18 12:39:01.157000",s.diberti,"2023-09-18 12:41:06.123000",s.diberti,NULL
558,2,"ZUPPA RISO PISELLI E PATATE",0,1,NULL,2023-09-18,NULL,"2023-09-18 12:43:06.413000",s.diberti,NULL,NULL,NULL
559,2,"PASTA DI MAIS AI CAVOLFIORI",0,1,NULL,2023-09-26,NULL,"2023-09-26 09:36:44.880000",s.diberti,NULL,NULL,NULL
560,2,"PASTA AI CAVOLFIORI",0,1,NULL,2023-09-26,NULL,"2023-09-26 10:12:29.907000",s.diberti,NULL,NULL,NULL
561,3,"SFORMATO DI CAVOLFIORI",0,1,NULL,2023-09-26,NULL,"2023-09-26 10:29:52.763000",s.diberti,NULL,NULL,NULL
562,2,"RISOTTO PISELLI E PARMIGIANO",0,1,NULL,2023-09-26,NULL,"2023-09-26 10:55:53.460000",s.diberti,NULL,NULL,NULL
563,1,"BUDINO AL CIOCCOLATO",1,1,NULL,2023-09-26,NULL,"2023-09-26 11:00:51.260000",s.diberti,"2023-10-25 08:39:20.547000",f.gallo,NULL
564,2,"ZUPPA DI VERZA CON CROSTINI",0,1,NULL,2023-09-26,NULL,"2023-09-26 11:14:46.570000",s.diberti,NULL,NULL,NULL
565,3,"TRIS DI LEGUMI IN UMIDO",0,1,NULL,2023-09-26,NULL,"2023-09-26 11:16:50.137000",s.diberti,NULL,NULL,NULL
566,4,"SPUMINI DI ZUCCA",0,1,NULL,2023-09-26,NULL,"2023-09-26 11:18:26.353000",s.diberti,NULL,NULL,NULL
567,2,"ZUPPA DI VERZA CON CROSTINI",0,1,NULL,2023-10-11,NULL,"2023-10-11 10:08:40.200000",m.cannarozzo,NULL,NULL,NULL
568,2,"PASTA INTEGRALE CON VERDURE",1,1,NULL,2023-10-11,NULL,"2023-10-11 16:22:31.937000",s.diberti,NULL,NULL,NULL
569,3,"NASELLO AGLI AROMI",1,1,NULL,2023-10-11,NULL,"2023-10-11 16:23:39.977000",s.diberti,NULL,NULL,NULL
570,2,"ZUPPA RISO PATATE E PISELLI",0,1,NULL,2023-10-13,NULL,"2023-10-13 13:28:13.017000",m.cannarozzo,NULL,NULL,NULL
571,3,"LEGUMI IN UMIDO",1,1,NULL,2023-10-17,NULL,"2023-10-17 15:09:19.017000",s.diberti,NULL,NULL,NULL
572,3,"GATEAU DI PATATE",1,1,NULL,2023-10-24,NULL,"2023-10-24 14:10:18.027000",m.cannarozzo,NULL,NULL,NULL
573,3,"INVOLTINI DI PROSCIUTTO",0,1,NULL,2023-10-30,NULL,"2023-10-30 07:42:29.853000",m.cannarozzo,NULL,NULL,NULL
574,1,"RAGU' DI CARNE",1,1,NULL,2023-11-19,NULL,"2023-11-19 10:40:14.927000",m.cannarozzo,NULL,NULL,NULL
575,2,PIZZA,1,1,NULL,2023-11-19,NULL,"2023-11-19 10:51:48.953000",m.cannarozzo,NULL,NULL,NULL
576,2,"LASAGNETTA ZUCCA E PROVOLA",0,1,NULL,2023-11-21,NULL,"2023-11-21 15:06:31.550000",s.diberti,NULL,NULL,NULL
577,2,"TORTELLINI BURRO E SALVIA",1,1,NULL,2023-11-21,NULL,"2023-11-21 15:23:12.130000",s.diberti,NULL,NULL,NULL
578,2,"PASTA DI MAIS BURRO E SALVIA",1,1,NULL,2023-11-21,NULL,"2023-11-21 15:36:15.223000",s.diberti,NULL,NULL,NULL
579,2,"LASAGNETTA CON ZUCCA",0,1,NULL,2023-11-21,NULL,"2023-11-21 15:44:03.647000",s.diberti,NULL,NULL,NULL
580,2,"PASTA AL FORMAGGIO CREMOSA",1,1,NULL,2023-12-01,NULL,"2023-12-01 09:20:21.697000",s.diberti,NULL,NULL,NULL
581,3,"ARROSTO DI TACCHINO CREMOSO",1,1,NULL,2023-12-01,NULL,"2023-12-01 09:31:00.657000",s.diberti,NULL,NULL,NULL
582,4,"PURE' DI PISELLI",1,1,NULL,2023-12-01,NULL,"2023-12-01 09:32:58.863000",s.diberti,NULL,NULL,NULL
583,2,"CREMA DI RISO PLUS",1,1,NULL,2023-12-01,NULL,"2023-12-01 09:39:07.043000",s.diberti,NULL,NULL,NULL
584,3,"CREMA DI VITELLO PLUS",1,1,NULL,2023-12-01,NULL,"2023-12-01 09:42:52.253000",s.diberti,NULL,NULL,NULL
585,4,"PURE' DI VERDURE",1,1,NULL,2023-12-01,NULL,"2023-12-01 09:44:25.127000",s.diberti,NULL,NULL,NULL
586,2,"PASTA AL PESTO CREMOSA",1,1,NULL,2023-12-01,NULL,"2023-12-01 09:44:51.380000",s.diberti,NULL,NULL,NULL
587,3,"COTOLETTA CREMOSA",1,1,NULL,2023-12-01,NULL,"2023-12-01 09:45:18.500000",s.diberti,NULL,NULL,NULL
588,4,"PURE' DI PORRO",1,1,NULL,2023-12-01,NULL,"2023-12-01 09:45:46.300000",s.diberti,NULL,NULL,NULL
589,2,"VELLUTATA DI ASPARAGI",0,0,NULL,2023-12-01,NULL,"2023-12-01 09:46:23.530000",s.diberti,NULL,NULL,NULL
590,3,"MOUSSE DI SALMONE",0,0,NULL,2023-12-01,NULL,"2023-12-01 09:46:53.137000",s.diberti,NULL,NULL,NULL
591,2,"LASAGNE ALLA BOLOGNESE CREMOSE",0,0,NULL,2023-12-01,NULL,"2023-12-01 09:48:20.543000",s.diberti,NULL,NULL,NULL
592,4,"PURE' DI CAVOLFIORE",0,0,NULL,2023-12-01,NULL,"2023-12-01 10:00:06.860000",s.diberti,"2023-12-11 16:20:29.393000",s.diberti,NULL
593,4,"PURE' DI LENTICCHIE",0,0,NULL,2023-12-01,NULL,"2023-12-01 10:07:40.337000",s.diberti,"2023-12-01 12:17:50.637000",s.diberti,NULL
594,4,"PURE' DI FAGIOLINI",0,0,NULL,2023-12-01,NULL,"2023-12-01 11:22:29.260000",s.diberti,NULL,NULL,NULL
595,3,"FRITTATA DI PATATE CREMOSA",0,0,NULL,2023-12-01,NULL,"2023-12-01 11:45:11.753000",s.diberti,NULL,NULL,NULL
596,4,"PURE' DI SEDANO",0,0,NULL,2023-12-01,NULL,"2023-12-01 11:45:54.553000",s.diberti,NULL,NULL,NULL
597,2,"VELLUTATA DI CAROTE",0,0,NULL,2023-12-01,NULL,"2023-12-01 11:48:41.273000",s.diberti,NULL,NULL,NULL
598,3,"CREMA DI MAIALE PLUS",0,0,NULL,2023-12-01,NULL,"2023-12-01 11:49:12.217000",s.diberti,NULL,NULL,NULL
599,4,"PURE' DI BROCCOLI",0,0,NULL,2023-12-01,NULL,"2023-12-01 11:49:31.410000",s.diberti,NULL,NULL,NULL
600,2,"PASTA AL POMODORO CREMOSA",0,0,NULL,2023-12-01,NULL,"2023-12-01 11:50:12.717000",s.diberti,NULL,NULL,NULL
601,3,"MOUSSE AL PROSCIUTTO",0,0,NULL,2023-12-01,NULL,"2023-12-01 11:50:32.353000",s.diberti,NULL,NULL,NULL
602,4,"PURE' DI SPINACI",0,0,NULL,2023-12-01,NULL,"2023-12-01 11:50:51.607000",s.diberti,NULL,NULL,NULL
603,2,"VELLUTATA DI FAGIOLI BRUNI",0,0,NULL,2023-12-01,NULL,"2023-12-01 11:51:14.850000",s.diberti,NULL,NULL,NULL
604,3,"CREMA DI PESCE PLUS",0,0,NULL,2023-12-01,NULL,"2023-12-01 11:51:34.423000",s.diberti,NULL,NULL,NULL
605,4,"PURE' DI CAROTE",0,0,NULL,2023-12-01,NULL,"2023-12-01 11:51:57.233000",s.diberti,NULL,NULL,NULL
606,2,"PASTA AL SALMONE CREMOSA",0,0,NULL,2023-12-01,NULL,"2023-12-01 11:52:17.387000",s.diberti,NULL,NULL,NULL
607,3,"CREMA DI POLLO PLUS",0,0,NULL,2023-12-01,NULL,"2023-12-01 11:52:37.430000",s.diberti,NULL,NULL,NULL
608,4,"PURE' DI FAGIOLI BRUNI",0,0,NULL,2023-12-01,NULL,"2023-12-01 11:53:05.657000",s.diberti,NULL,NULL,NULL
609,2,"VELLUTATA DI CIPOLLE",0,0,NULL,2023-12-01,NULL,"2023-12-01 11:53:30.680000",s.diberti,NULL,NULL,NULL
610,3,"BRACIOLA DI TACCHINO CREMOSA",0,0,NULL,2023-12-01,NULL,"2023-12-01 11:53:52.413000",s.diberti,NULL,NULL,NULL
611,4,"PURE' DI CAVOLFIORE",0,0,NULL,2023-12-01,NULL,"2023-12-01 11:54:16.757000",s.diberti,NULL,NULL,NULL
612,2,"PASTA E CECI CREMOSA",0,0,NULL,2023-12-01,NULL,"2023-12-01 11:54:47.903000",s.diberti,NULL,NULL,NULL
613,3,"PESCE E PATATE CREMOSO",0,0,NULL,2023-12-01,NULL,"2023-12-01 11:55:06.407000",s.diberti,NULL,NULL,NULL
614,4,"PURE' DI VERZA",0,0,NULL,2023-12-01,NULL,"2023-12-01 11:55:25.950000",s.diberti,NULL,NULL,NULL
615,2,"PIZZA NAPOLI CREMOSA",0,0,NULL,2023-12-01,NULL,"2023-12-01 11:55:55.740000",s.diberti,NULL,NULL,NULL
616,3,"ARROSTO DI MANZO CREMOSO",0,0,NULL,2023-12-01,NULL,"2023-12-01 12:04:19.760000",s.diberti,NULL,NULL,NULL
617,4,"PURE' DI ZUCCA",0,0,NULL,2023-12-01,NULL,"2023-12-01 12:04:37.903000",s.diberti,NULL,NULL,NULL
618,2,"PASTA ALLA CARBONARA CREMOSA",0,0,NULL,2023-12-01,NULL,"2023-12-01 12:05:17.567000",s.diberti,NULL,NULL,NULL
619,3,"CREMA DI TACCHINO PLUS",0,0,NULL,2023-12-01,NULL,"2023-12-01 12:05:49.607000",s.diberti,NULL,NULL,NULL
620,4,"PURE' DI PEPERONI ROSSI",0,0,NULL,2023-12-01,NULL,"2023-12-01 12:06:10.347000",s.diberti,NULL,NULL,NULL
621,2,"VELLUTATA DI FUNGHI",0,0,NULL,2023-12-01,NULL,"2023-12-01 12:06:31.097000",s.diberti,NULL,NULL,NULL
622,3,"CREMA ALL'UOVO PRO",0,0,NULL,2023-12-01,NULL,"2023-12-01 12:06:49.800000",s.diberti,NULL,NULL,NULL
623,4,"PURE' DI LENTICCHIE",0,0,NULL,2023-12-01,NULL,"2023-12-01 12:07:06.467000",s.diberti,NULL,NULL,NULL
624,2,"RISOTTO ALLA MILANESE CREMOSO",0,0,NULL,2023-12-01,NULL,"2023-12-01 12:44:20.457000",s.diberti,NULL,NULL,NULL
625,2,"RISOTTO ALLA MILANESE CREMOSO",1,1,NULL,2023-12-11,NULL,"2023-12-11 15:43:07.223000",s.diberti,"2023-12-11 16:05:04.643000",s.diberti,NULL
626,2,"PASTA AL RAGU' CREMOSA",1,1,NULL,2023-12-11,NULL,"2023-12-11 15:44:20.380000",s.diberti,NULL,NULL,NULL
627,2,"TORTELLINI IN BRODO CREMOSI",1,1,NULL,2023-12-11,NULL,"2023-12-11 15:45:17.133000",s.diberti,NULL,NULL,NULL
628,2,"PASTA AL FORMAGGIO CREMOSA",1,1,NULL,2023-12-11,NULL,"2023-12-11 15:46:07.300000",s.diberti,"2023-12-11 15:47:23.817000",s.diberti,NULL
629,2,"PASTA AL SUGO DI PESCE CREMOSA",1,1,NULL,2023-12-11,NULL,"2023-12-11 15:48:11.520000",s.diberti,NULL,NULL,NULL
630,2,"PASTA E FAGIOLI CREMOSA",1,1,NULL,2023-12-11,NULL,"2023-12-11 15:49:17.340000",s.diberti,NULL,NULL,NULL
631,2,"VELLUTATA DI PATATE",1,1,NULL,2023-12-11,NULL,"2023-12-11 15:54:41.170000",s.diberti,NULL,NULL,NULL
632,2,"VELLUTATA DI PISELLI",0,0,NULL,2023-12-11,NULL,"2023-12-11 15:55:01.133000",s.diberti,NULL,NULL,NULL
633,2,"VELLUTATA DI POMODORO",1,1,NULL,2023-12-11,NULL,"2023-12-11 15:55:32.410000",s.diberti,NULL,NULL,NULL
634,2,"VELLUTATA DI PORRO",1,1,NULL,2023-12-11,NULL,"2023-12-11 15:56:02.873000",s.diberti,NULL,NULL,NULL
635,2,"VELLUTATA DI VERDURE",1,1,NULL,2023-12-11,NULL,"2023-12-11 15:56:54.520000",s.diberti,NULL,NULL,NULL
636,2,"PIZZA MARGHERITA CREMOSA",1,1,NULL,2023-12-11,NULL,"2023-12-11 15:57:31.950000",s.diberti,NULL,NULL,NULL
637,2,"VELLUTATA DI ZUCCA",1,1,NULL,2023-12-11,NULL,"2023-12-11 15:58:16.397000",s.diberti,NULL,NULL,NULL
638,3,"Mozzarella Senza lattosio",1,1,NULL,2024-02-13,NULL,"2024-02-13 12:51:15.007000",s.diberti,NULL,NULL,NULL
639,2,"Pasta ai cavolfiori ben cotta",0,1,NULL,2024-02-15,NULL,"2024-02-15 15:50:29.773000",t.monge,NULL,NULL,NULL
640,2,"Pasta al pomodoro ben cotta",1,1,NULL,2024-02-15,NULL,"2024-02-15 15:51:01.770000",t.monge,NULL,NULL,NULL
641,2,"Pasta ai funghi frullati",0,1,NULL,2024-02-15,NULL,"2024-02-15 15:51:25.577000",t.monge,NULL,NULL,NULL
642,2,"Pasta al ragù di carne ben cotta",1,1,NULL,2024-02-15,NULL,"2024-02-15 15:54:53.930000",t.monge,NULL,NULL,NULL
643,2,"Pasta alle vongole ben cotta",1,1,NULL,2024-02-15,NULL,"2024-02-15 15:55:16.163000",t.monge,NULL,NULL,NULL
644,3,"Halibut al forno BC",0,0,NULL,2024-02-15,NULL,"2024-02-15 16:00:35.863000",t.monge,NULL,NULL,NULL
645,3,"Stracotto di manzo BC",0,1,NULL,2024-02-15,NULL,"2024-02-15 16:01:41.403000",t.monge,NULL,NULL,NULL
646,3,"Merluzzo salsa di agrumi BC",0,1,NULL,2024-02-15,NULL,"2024-02-15 16:04:48.157000",t.monge,NULL,NULL,NULL
647,3,"Arista al latte BC",0,1,NULL,2024-02-15,NULL,"2024-02-15 16:05:47.670000",t.monge,NULL,NULL,NULL
648,4,"Spinaci al grana BC",1,1,NULL,2024-02-15,NULL,"2024-02-15 16:09:19.153000",t.monge,"2024-02-15 16:27:04.147000",t.monge,NULL
649,4,"Cavolfiori all'olio BC",0,1,NULL,2024-02-15,NULL,"2024-02-15 16:09:45.020000",t.monge,NULL,NULL,NULL
650,4,"Zucchine all'olio BC",1,1,NULL,2024-02-15,NULL,"2024-02-15 16:10:39.813000",t.monge,NULL,NULL,NULL
651,3,"CECI STUFATI",1,1,SEDANO,2024-02-15,NULL,"2024-02-15 16:12:12.283000",s.diberti,NULL,NULL,NULL
652,4,"Bietole all'olio BC",1,1,NULL,2024-02-15,NULL,"2024-02-15 16:11:17.173000",t.monge,NULL,NULL,NULL
653,4,"Carote stufate BC",1,1,NULL,2024-02-15,NULL,"2024-02-15 16:11:57.773000",t.monge,NULL,NULL,NULL
654,4,"Zucchine trifolate BC",1,1,NULL,2024-02-15,NULL,"2024-02-15 16:12:43.003000",t.monge,NULL,NULL,NULL
655,3,"FAGIOLI BORLOTTI STUFATI",1,1,SEDANO,2024-02-15,NULL,"2024-02-15 16:32:29.353000",i.capizzi,NULL,NULL,NULL
656,3,"Flan ricotta e zucca frullata",0,1,NULL,2024-02-15,NULL,"2024-02-15 16:30:23.093000",t.monge,NULL,NULL,NULL
657,4,"Broccoli gratinati con parm BC",0,1,NULL,2024-02-15,NULL,"2024-02-15 16:14:29.390000",t.monge,NULL,NULL,NULL
658,3,"Arrosto di vitello BC",1,1,NULL,2024-02-15,NULL,"2024-02-15 16:15:03.037000",t.monge,NULL,NULL,NULL
659,3,"FAGIOLI CANNELLINI STUFATI",1,1,SEDANO,2024-02-15,NULL,"2024-02-15 16:34:15.167000",i.capizzi,NULL,NULL,NULL
660,4,"Carote prezzemolate BC",1,1,NULL,2024-02-15,NULL,"2024-02-15 16:15:50.970000",t.monge,NULL,NULL,NULL
661,3,"Frittata alle patate BC",1,1,NULL,2024-02-15,NULL,"2024-02-15 16:16:49.330000",t.monge,NULL,NULL,NULL
662,3,"FAGIOLI AL POMODORO",1,1,SEDANO,2024-02-15,NULL,"2024-02-15 16:19:00.523000",i.capizzi,NULL,NULL,NULL
663,4,"Ratatouille invernale BC",0,1,NULL,2024-02-15,NULL,"2024-02-15 16:17:22.007000",t.monge,NULL,NULL,NULL
664,3,"Rolata di coniglio BC",1,1,NULL,2024-02-15,NULL,"2024-02-15 16:19:25.940000",t.monge,NULL,NULL,NULL
665,4,"Spinaci all'aglio BC",1,1,NULL,2024-02-15,NULL,"2024-02-15 16:20:21.597000",t.monge,NULL,NULL,NULL
666,4,"Broccoli saporiti con acciughe BC",0,1,NULL,2024-02-15,NULL,"2024-02-15 16:21:50.110000",t.monge,NULL,NULL,NULL
667,3,"Scaloppe tacchino limone BC",1,1,NULL,2024-02-15,NULL,"2024-02-15 16:22:31.470000",t.monge,"2024-02-15 16:27:41.067000",t.monge,NULL
668,3,"LENTICCHIE AL POMODORO",1,1,SEDANO,2024-02-15,NULL,"2024-02-15 16:23:44.653000",i.capizzi,NULL,NULL,NULL
669,3,"Scaloppe pollo burro&salvia BC",1,1,NULL,2024-02-15,NULL,"2024-02-15 16:23:49.627000",t.monge,"2024-02-15 16:27:30.387000",t.monge,NULL
670,3,"Spezzatino bovino e patate BC",1,1,NULL,2024-02-15,NULL,"2024-02-15 16:24:48.760000",t.monge,"2024-02-15 16:26:30.207000",t.monge,NULL
671,4,"Piselli stufati BC",0,0,NULL,2024-02-15,NULL,"2024-02-15 16:25:40.497000",t.monge,NULL,NULL,NULL
672,2,"Orecchiette con crema di cime di rapa",0,1,NULL,2024-02-15,NULL,"2024-02-15 16:29:00.313000",t.monge,NULL,NULL,NULL
673,3,"Flan ricotta e funghi frullati",0,1,NULL,2024-02-15,NULL,"2024-02-15 16:29:44.193000",t.monge,NULL,NULL,NULL
674,3,"Arrosto di tacchino BC",1,1,NULL,2024-02-15,NULL,"2024-02-15 16:31:35.117000",t.monge,NULL,NULL,NULL
675,2,"Pasta ai formaggi ben cotta",0,1,NULL,2024-02-15,NULL,"2024-02-15 16:32:13.550000",t.monge,NULL,NULL,NULL
676,3,"Brasato BC",0,1,NULL,2024-02-15,NULL,"2024-02-15 16:32:49.447000",t.monge,NULL,NULL,NULL
677,3,"Frittata al prosciutto BC",1,1,NULL,2024-02-15,NULL,"2024-04-26 15:55:29.550000",i.capizzi,NULL,NULL,NULL
678,4,"Cavolfiori gratinati con parmigiano BC",0,1,NULL,2024-02-15,NULL,"2024-02-15 16:34:53.790000",t.monge,NULL,NULL,NULL
679,4,"Carote gratinate BC",0,1,NULL,2024-02-15,NULL,"2024-02-15 16:35:50.957000",t.monge,NULL,NULL,NULL
680,3,"Frittata ai funghi BC",0,1,NULL,2024-02-15,NULL,"2024-03-01 09:07:14.133000",s.diberti,NULL,NULL,NULL
681,3,"Arista arrosto BC",0,1,NULL,2024-02-15,NULL,"2024-02-15 16:37:05.147000",t.monge,NULL,NULL,NULL
682,3,"LENTICCHIE STUFATE",1,1,SEDANO,2024-02-15,NULL,"2024-02-15 17:25:24.440000",i.capizzi,NULL,NULL,NULL
683,2,"Pasta in bianco ben cotta",1,1,NULL,2024-02-15,NULL,"2024-02-15 17:31:41.490000",t.monge,NULL,NULL,NULL
684,2,"PASTA AL TONNO BEN COTTA",1,1,NULL,2024-02-15,NULL,"2024-02-15 18:00:04.690000",s.diberti,NULL,NULL,NULL
685,2,"Pasta alla crema di verdura",0,0,NULL,2024-02-15,NULL,"2024-02-15 18:01:23.360000",s.diberti,NULL,NULL,NULL
686,2,"Pasta crema di verdura ben cotta",1,1,NULL,2024-02-15,NULL,"2024-02-15 18:21:57.240000",s.diberti,NULL,NULL,NULL
687,4,"carote lesse",1,1,NULL,2024-02-19,NULL,"2024-02-19 09:26:36.547000",s.diberti,NULL,NULL,NULL
688,4,"zucchine lesse",1,1,NULL,2024-02-19,NULL,"2024-02-19 09:26:58.887000",s.diberti,NULL,NULL,NULL
689,4,"spinaci all'olio bc",1,1,NULL,2024-02-19,NULL,"2024-02-19 10:00:20.017000",s.diberti,NULL,NULL,NULL
690,3,"flan di ricotta e funghi bc",0,1,NULL,2024-02-19,NULL,"2024-02-19 10:04:46.963000",s.diberti,NULL,NULL,NULL
691,2,"ORECCHIETTE CIME DI RAPA BC",0,1,NULL,2024-02-19,NULL,"2024-02-19 10:09:00.620000",s.diberti,NULL,NULL,NULL
692,2,"ORECCHIETTE IN BIANCO BC",1,1,NULL,2024-02-19,NULL,"2024-02-19 10:09:28.013000",s.diberti,NULL,NULL,NULL
693,4,"spinaci al grana bc",1,1,NULL,2024-02-19,NULL,"2024-02-19 10:16:22.090000",s.diberti,NULL,NULL,NULL
694,2,"pasta ai broccoli bc",0,1,NULL,2024-02-19,NULL,"2024-02-19 10:16:42.283000",s.diberti,NULL,NULL,NULL
695,5,YOGURT,1,1,NULL,2024-01-01,NULL,"2024-02-19 22:30:04.217000",adm.g.logozzo,NULL,NULL,NULL
696,3,"SFORMATO DI CECI V",1,1,NULL,2024-02-21,NULL,"2024-02-21 08:48:34.780000",s.diberti,NULL,NULL,NULL
697,3,"UOVA E LENTICCHIE V",0,0,NULL,2024-02-21,NULL,"2024-02-21 11:21:56.383000",v.giurdanella,NULL,NULL,NULL
698,3,"FRITTATA ALLE PATATE V",0,0,NULL,2024-02-21,NULL,"2024-02-21 14:05:08.807000",v.giurdanella,NULL,NULL,NULL
699,3,"SFORMATO DI LENTICCHIE V",0,0,NULL,2024-02-21,NULL,"2024-02-21 14:16:19.970000",v.giurdanella,NULL,NULL,NULL
700,3,"FLAN RICOTTA E FUNGHI V",0,0,NULL,2024-02-21,NULL,"2024-02-21 14:19:04.927000",v.giurdanella,NULL,NULL,NULL
701,3,"FRITTATA AI FUNGHI V",0,0,NULL,2024-02-21,NULL,"2024-02-21 14:21:54.543000",v.giurdanella,NULL,NULL,NULL
702,3,"SFORMATO CAVOLFIORI CON FORMAGGIO V",0,0,NULL,2024-02-21,NULL,"2024-04-05 08:52:48.720000",i.capizzi,NULL,NULL,NULL
703,4,"FRITTATA ALLE ERBETTE V",1,1,NULL,2024-02-21,NULL,"2024-02-21 15:56:32.613000",i.capizzi,NULL,NULL,NULL
704,3,"FLAN RICOTTA E VERDURE V",1,1,NULL,2024-02-21,NULL,"2024-02-21 16:08:30.237000",i.capizzi,NULL,NULL,NULL
705,3,"flan ricotta e verdure bc",1,1,NULL,2024-02-22,NULL,"2024-02-22 09:04:24.603000",s.diberti,NULL,NULL,NULL
706,5,FRUTTA,1,1,NULL,2024-01-01,NULL,"2024-02-22 12:43:37.633000",adm.g.logozzo,NULL,NULL,NULL
707,5,"FRUTTA COTTA",1,1,NULL,2024-01-01,NULL,"2024-02-22 12:43:42.487000",adm.g.logozzo,NULL,NULL,NULL
708,5,BUDINO,1,1,NULL,2024-01-01,NULL,"2024-02-22 12:43:42.487000",adm.g.logozzo,NULL,NULL,NULL
709,5,DESSERT,1,1,NULL,2024-01-01,NULL,"2024-02-22 12:43:42.487000",adm.g.logozzo,NULL,NULL,NULL
710,3,"Halibut con patate bc",1,1,NULL,2024-02-22,NULL,"2024-02-22 15:41:28.900000",i.capizzi,NULL,NULL,NULL
711,3,"Frittata alle erbette bc",1,1,NULL,2024-02-22,NULL,"2024-02-22 15:42:11.027000",i.capizzi,NULL,NULL,NULL
712,3,"Merluzzo alla livornese bc",1,1,NULL,2024-02-22,NULL,"2024-02-22 15:43:05.413000",i.capizzi,NULL,NULL,NULL
713,4,"Spinaci al grana bc",1,1,NULL,2024-02-22,NULL,"2024-02-22 15:43:45.133000",i.capizzi,NULL,NULL,NULL
714,3,"Sformato cavolfiori crema form bc",1,1,NULL,2024-02-22,NULL,"2024-02-22 15:44:43.257000",i.capizzi,NULL,NULL,NULL
715,4,"Broccoli all'olio bc",1,1,NULL,2024-02-22,NULL,"2024-02-22 15:45:24.943000",i.capizzi,NULL,NULL,NULL
716,2,"Pasta alle olive bc",1,1,NULL,2024-02-22,NULL,"2024-02-22 17:13:16.650000",i.capizzi,NULL,NULL,NULL
717,2,"ORECCHIETTE AL POMODORO bc",1,1,NULL,2024-02-29,NULL,"2024-02-29 12:49:59.537000",s.diberti,NULL,NULL,NULL
718,3,"FRITTATA DI CIPOLLE bc",1,1,NULL,2024-02-29,NULL,"2024-02-29 12:55:42.377000",s.diberti,NULL,NULL,NULL
719,4,"SPINACI AL BURRO bc",1,1,NULL,2024-02-29,NULL,"2024-02-29 13:17:02.307000",s.diberti,NULL,NULL,NULL
720,3,"nasello olio e limone bc",1,1,NULL,2024-03-01,NULL,"2024-03-01 12:30:56.160000",s.diberti,NULL,NULL,NULL
721,3,"flan ricotta e spinaci v",1,1,NULL,2024-03-01,NULL,"2024-03-01 12:58:16.093000",s.diberti,NULL,NULL,NULL
722,3,"frittata alle patate v",1,1,NULL,2024-03-01,NULL,"2024-03-01 13:02:40.867000",s.diberti,NULL,NULL,NULL
723,3,"frittata alle cipolle v",1,1,NULL,2024-03-01,NULL,"2024-03-01 13:04:00.377000",s.diberti,NULL,NULL,NULL
724,3,"sformato di legumi v",1,1,NULL,2024-03-01,NULL,"2024-03-01 13:11:25.977000",s.diberti,NULL,NULL,NULL
725,2,"PASTA DI MAIS AL PESTO",0,0,NULL,2024-03-07,NULL,"2024-03-07 15:43:09.403000",v.giurdanella,NULL,NULL,NULL
726,2,"PASTA AL PESTO BC",1,1,NULL,2024-03-07,NULL,"2024-03-07 16:15:44.713000",s.diberti,NULL,NULL,NULL
727,2,"RAVIOLI RIPIENI DI RICOTTA E SPINACI AL BURRO",1,1,NULL,2024-03-11,NULL,"2024-03-11 09:52:00.900000",s.diberti,NULL,NULL,NULL
728,2,"RAVIOLI RICOTTA E SPINACI IN BIANCO",1,0,NULL,2024-03-29,NULL,"2024-03-29 12:35:26.903000",s.diberti,NULL,NULL,NULL
729,3,"halibut olio e limone bc",1,1,NULL,2024-04-03,NULL,"2024-04-03 10:35:32.540000",v.giurdanella,NULL,NULL,NULL
730,3,"platessa olio e limone bc",1,1,NULL,2024-04-03,NULL,"2024-04-03 10:37:57.630000",v.giurdanella,NULL,NULL,NULL
731,3,"platessa al verde bc",1,1,NULL,2024-04-03,NULL,"2024-04-03 10:40:08.810000",v.giurdanella,NULL,NULL,NULL
732,4,"RATATOUILLE CAROTE, ZUCCHINE E PATATE bc",1,0,NULL,2024-04-08,NULL,"2024-04-08 10:08:15.437000",s.diberti,NULL,NULL,NULL
733,4,"BIETOLE ALL'OLIO bc",1,0,NULL,2024-04-08,NULL,"2024-04-08 10:08:48.283000",s.diberti,"2024-04-08 11:04:43.293000",s.diberti,NULL
734,4,"ZUCCHINE al pomodoro bc",1,0,NULL,2024-04-08,NULL,"2024-04-08 11:51:09.043000",s.diberti,NULL,NULL,NULL
735,4,"Broccoli con parmigiano bc",1,0,NULL,2024-04-08,NULL,"2024-04-08 12:00:38.357000",s.diberti,NULL,NULL,NULL
736,3,"UOVA TONNO E PISELLI V",1,0,NULL,2024-04-15,NULL,"2024-04-15 15:52:12.377000",s.diberti,NULL,NULL,NULL
737,3,"Arrosto di vitello freddo al balsamico bc",1,0,NULL,2024-04-19,NULL,"2024-04-19 09:49:32.950000",s.diberti,NULL,NULL,NULL
738,2,"risotto crema di spinaci e grana",1,0,NULL,2024-04-22,NULL,"2024-04-22 10:55:58.640000",s.diberti,NULL,NULL,NULL
739,2,"insalata farro pomodoro mais e olive",1,0,NULL,2024-04-22,NULL,"2024-04-22 11:09:18.317000",s.diberti,NULL,NULL,NULL
740,2,"RAVIOLI RICOTTA E SPINACI al pomodoro",1,0,NULL,2024-04-22,NULL,"2024-04-22 11:11:29.673000",s.diberti,NULL,NULL,NULL
741,2,"pasta di mais carote e zucchine",1,0,NULL,2024-04-26,NULL,"2024-04-26 10:16:54.697000",s.diberti,NULL,NULL,NULL
742,2,"PASTA DI MAIS AL RAGU DI VERDURE",1,0,NULL,2024-04-26,NULL,"2024-04-26 10:41:56.900000",s.diberti,NULL,NULL,NULL
743,2,"RISOTTO STRACCHINO E RUCOLA",1,0,NULL,2024-04-26,NULL,"2024-04-26 11:57:16.183000",s.diberti,NULL,NULL,NULL
744,3,"FLAN RICOTTA CAROTE V",1,0,NULL,2024-04-26,NULL,"2024-04-26 14:22:58.137000",s.diberti,NULL,NULL,NULL
745,3,"FRITTATA DI ZUCCHINE V",1,0,NULL,2024-04-26,NULL,"2024-04-26 14:25:46.860000",s.diberti,NULL,NULL,NULL
746,2,"PASTA ZUCCHINE E ZAFFERANO BC",1,0,NULL,2024-04-26,NULL,"2024-04-26 14:29:38.747000",i.capizzi,NULL,NULL,NULL
747,3,"FLAN RICOTTA E ZUCCHINE V",1,0,NULL,2024-04-26,NULL,"2024-04-26 14:41:46.320000",s.diberti,NULL,NULL,NULL
748,3,"FLAN RICOTTA E CAROTE BC",1,1,NULL,2024-04-26,NULL,"2024-04-26 14:44:18.277000",i.capizzi,NULL,NULL,NULL
749,3,"INSALATA NASELLO E PATATE BC",1,0,NULL,2024-04-26,NULL,"2024-04-26 14:49:07.413000",i.capizzi,NULL,NULL,NULL
750,3,"FRITTATA DI ZUCCHINE BC",1,0,NULL,2024-04-26,NULL,"2024-04-26 14:54:21.917000",i.capizzi,NULL,NULL,NULL
751,3,"FRITTATA ASPARAGI V",1,0,NULL,2024-04-26,NULL,"2024-04-26 14:55:31.347000",s.diberti,NULL,NULL,NULL
752,2,"PASTA AL RAGU BIANCO E VERDURINE BC",1,0,NULL,2024-04-26,NULL,"2024-04-26 15:02:23.573000",i.capizzi,NULL,NULL,NULL
753,2,"PASTA CAROTE E ZUCCHINE BC",1,0,NULL,2024-04-26,NULL,"2024-04-26 15:12:33.977000",i.capizzi,NULL,NULL,NULL
754,3,"FLAN RICOTTA E ZUCCHINE BC",1,0,NULL,2024-04-26,NULL,"2024-04-26 15:14:00.050000",i.capizzi,NULL,NULL,NULL
755,2,"PASTA CREMA SPINACI E GRANA BC",1,0,NULL,2024-04-26,NULL,"2024-04-26 15:15:36.387000",i.capizzi,NULL,NULL,NULL
756,3,"HALIBUT ALLA MEDITERRANEA BC",1,0,NULL,2024-04-26,NULL,"2024-04-26 15:17:50.333000",i.capizzi,NULL,NULL,NULL
757,4,"RATATOUILLE CAROTE, ZUCCHINE E PATATE b",1,0,NULL,2024-04-26,NULL,"2024-04-26 15:28:05.457000",s.diberti,NULL,NULL,NULL
758,2,"PASTA AL RAGU DI VERDURE BC",1,0,NULL,2024-04-26,NULL,"2024-04-26 15:32:31.107000",i.capizzi,"2024-04-26 15:33:07.827000",i.capizzi,NULL
759,2,"PASTA TONNO E PREZZEMOLO BC",1,0,NULL,2024-04-26,NULL,"2024-04-26 15:35:50.167000",i.capizzi,NULL,NULL,NULL
760,3,"FLAN RICOTTA E SPINACI BC",1,1,NULL,2024-04-26,NULL,"2024-04-26 15:37:23.547000",i.capizzi,NULL,NULL,NULL
761,3,"NASELLO AL FORNO BC",1,1,NULL,2024-04-26,NULL,"2024-04-26 15:39:23.993000",i.capizzi,NULL,NULL,NULL
762,3,"FRITTATA AGLI ASPARAGI BC",1,0,NULL,2024-04-26,NULL,"2024-04-26 15:43:37.823000",i.capizzi,NULL,NULL,NULL
763,2,"INSALATA DI FARRO POMODORO MAIS E OLIVE",1,0,NULL,2024-05-03,NULL,"2024-05-03 15:21:36.147000",v.giurdanella,NULL,NULL,NULL
764,1,"Preparazione Test",1,0,glutine,2024-06-28,2024-06-30,"2024-06-28 12:00:00.000000",utenteTest,NULL,NULL,immagine_test.jpg
765,1,"Preparazione Test",1,0,glutine,2024-06-28,2024-06-30,"2024-06-28 12:00:00.000000",utenteTest,"2024-06-28 13:00:36.811262",nome_utente,immagine_test.jpg
