"id";"alimento";"energia_Kcal";"energia_KJ";"prot_tot_gr";"glucidi_tot";"lipidi_tot";"saturi_tot";"fkAllergene1";"fkAllergene2";"fkAllergene3";"fkTipologiaAlimento"
1;"ACCIUGHE o ALICI [ENGRAULIS ENCHRASICHOL]";96.0;402.0;16.8;1.5;2.6;0.69;4;0;0;1
2;"ACCIUGHE o ALICI SOTTO SALE";128.0;536.0;25.0;0.0;3.1;0.82;4;0;0;1
3;"ACCIUGHE o ALICI SOTT'OLIO";206.0;862.0;25.9;0.2;11.3;2.21;4;0;0;1
4;"ACETO";4.0;17.0;0.4;0.6;0.0;0.0;12;0;0;1
5;"ACQUA";0.0;0.0;0.0;0.0;0.0;0.0;15;0;0;1
6;"ACQUA TONICA";33.0;138.0;0.0;8.8;0.0;0.0;15;0;0;1
7;"AGAR AGAR [EUCHEUMA spp], secco";16.0;67.0;1.6;2.0;1.2;0.24;15;0;0;1
8;"AGLIO [ALLIUM SATIVUM], fresco";41.0;172.0;0.9;8.4;0.6;0.11;15;0;0;11
9;"AGLIO, in polvere";246.0;1029.0;18.7;42.7;1.2;0.21;15;0;0;1
10;"AGNELLO [OVIS AGNUS]";162.0;678.0;20.8;0.0;8.8;4.15;15;0;0;7
11;"AGNELLO, CARNE GRASSA";279.0;1167.0;18.0;0.0;23.0;10.86;15;0;0;7
12;"AGNELLO, CARNE MAGRA";121.0;506.0;20.0;0.0;4.6;2.17;15;0;0;7
13;"AGNELLO, CARNE SEMIGRASSA";211.0;883.0;19.0;0.0;15.0;7.08;15;0;0;7
14;"AGNELLO, CORATELLA";110.0;460.0;15.7;1.2;4.7;1.66;15;0;0;7
15;"AGNELLO, COSTOLETTE";386.0;1615.0;14.6;0.0;36.3;17.14;15;0;0;7
16;"AGRETTI [LEPIDUM SATIVUM]";17.0;71.0;1.8;2.2;0.2;0.01;15;0;0;11
17;"ALBICOCCHE (PRUNUS ARMENIACA)";28.0;117.0;0.4;6.8;0.1;0.01;15;0;0;9
18;"ALBICOCCHE, polpa secca";188.0;787.0;4.8;43.4;0.7;0.05;15;0;0;9
19;"ALCOOL PURO";516.0;2159.0;0.0;0.0;0.0;0.0;15;0;0;1
20;"ALLORO [LAURUS NOBILIS], secco";313.0;1310.0;7.6;48.6;8.4;2.29;15;0;0;1
21;"AMARENE [PRUNUS CERASUS]";41.0;172.0;0.8;10.2;0.0;0.0;15;0;0;9
22;"AMARI A BASSA GRADAZIONE";261.0;1092.0;2.0;32.8;0.0;0.0;15;0;0;1
23;"AMARI AD ALTA GRADAZIONE";232.0;971.0;2.0;0.5;0.0;0.0;15;0;0;1
24;"AMIDO";379.0;1586.0;0.4;100.1;0.2;0.04;15;0;0;1
25;"ANANAS [ANANAS SATIVUS]";40.0;167.0;0.5;10.0;0.0;0.0;15;0;0;9
26;"ANANAS SCIROPPATA";77.0;322.0;0.3;20.2;2.0;0.0;15;0;0;1
27;"ANATRA [ANAS BOSCHAS]";159.0;665.0;21.4;0.0;8.2;2.29;15;0;0;7
28;"ANGUILLA DI FIUME [ANGUILLA ANGUILLA]";261.0;1092.0;11.8;0.1;23.7;4.79;4;0;0;13
29;"ANGUILLA DI MARE [ANGUILLA ANGUILLA]";237.0;992.0;14.6;0.7;19.6;3.96;4;0;0;13
30;"ANGUILLA MARINATA";259.0;1084.0;14.8;0.6;21.9;4.43;4;0;0;1
31;"APERITIVI";186.0;778.0;3.0;17.0;0.0;0.0;15;0;0;2
32;"ARACHIDI [ARACHIS HYPOGEA] CRUDE";571.0;2389.0;26.0;11.2;47.2;6.73;5;0;0;1
33;"ARACHIDI TOSTATE";597.0;2498.0;29.0;8.5;50.0;7.13;5;0;0;1
34;"ARACHIDI TOSTATE E SALATE";602.0;2519.0;24.5;7.1;53.0;7.56;5;0;0;1
35;"ARAGOSTA [PALINURUS ELEPHAS]";86.0;360.0;16.2;1.0;1.9;0.3;2;0;0;13
36;"ARANCE [CITRUS AURANTIUM]";34.0;142.0;0.7;7.8;0.2;0.03;15;0;0;9
37;"ARANCE, SCORZA";97.0;406.0;1.5;14.4;0.2;0.02;15;0;0;1
38;"ARANCIATA IN LATTINA";38.0;159.0;0.1;10.0;0.0;0.0;15;0;0;1
39;"ARINGA [CLUPEA HARENGUS]";190.0;795.0;17.8;0.0;13.2;2.63;4;0;0;13
40;"ARINGA AFFUMICATA";194.0;812.0;19.9;0.0;12.7;2.53;4;0;0;1
41;"ARINGA MARINATA";199.0;833.0;18.3;0.0;14.0;2.79;4;0;0;1
42;"ARINGA SALATA";218.0;912.0;19.8;0.0;15.4;3.07;4;0;0;1
43;"ASIAGO";356.0;1490.0;31.4;2.0;25.6;15.89;7;0;0;6
44;"ASPARAGI DI BOSCO [ASPARAGUS OFFICINALIS]";35.0;146.0;4.6;4.0;0.2;0.05;15;0;0;11
45;"ASPARAGI DI CAMPO";29.0;121.0;3.6;3.3;0.2;0.05;15;0;0;11
46;"ASPARAGI DI SERRA";24.0;100.0;3.0;3.0;0.1;0.02;15;0;0;11
47;"ASPARAGI IN SCATOLA";19.0;79.0;2.1;0.9;0.7;0.15;15;0;0;11
48;"ASTICE [HOMARUS VULGARIS]";90.0;377.0;18.8;0.5;0.9;0.06;2;0;0;13
49;"AVENA [AVENA SATIVA]";389.0;1628.0;16.9;55.7;6.9;1.22;1;0;0;1
50;"AVOCADO [PERSEA GRATISSIMA]";231.0;967.0;4.4;1.8;23.0;2.7;15;0;0;11
51;"BABA' AL RHUM";252.0;1054.0;5.9;41.4;5.7;2.81;1;3;7;2
52;"BABACO [CARICA PENTAGONA]";21.0;88.0;0.7;4.5;0.1;0.03;15;0;0;9
53;"BACCALA' [MERLUCCIUS MERLUCCIUS], ammollato";95.0;397.0;21.6;0.0;1.0;0.19;4;12;0;13
54;"BACCALA', secco";122.0;510.0;29.0;0.0;0.7;0.14;4;12;0;1
55;"BANANA [MUSA SAPIENTIUM]";66.0;276.0;1.2;15.5;0.3;0.1;15;0;0;11
56;"BARBABIETOLE ROSSE [BETA VULGARIS, CV RAPA, FORMA RUBRA]";20.0;84.0;1.1;4.0;0.0;0.0;15;0;0;11
57;"BASILICO [OCIMUM BASILICUM], fresco";40.0;167.0;3.1;5.1;0.8;0.05;15;0;0;11
58;"BASILICO, secco macinato";251.0;1050.0;14.4;43.2;4.0;0.27;15;0;0;1
59;"BEVANDE GASSATE DIETETICHE";17.0;71.0;2.0;4.3;0.0;0.0;15;0;0;1
60;"BIETA [BETA VULGARIS, CV CICLA]";17.0;71.0;1.3;2.8;0.1;0.02;15;0;0;11
61;"BIETA IN SCATOLA";31.0;130.0;0.9;5.5;0.1;0.02;15;0;0;1
62;"BIGNE'";318.0;1331.0;4.6;43.0;15.4;7.37;15;0;0;2
63;"BIRRA CHIARA";34.0;142.0;0.2;3.5;0.0;0.0;15;0;0;1
64;"BIRRA SCURA";30.0;126.0;0.3;3.0;2.0;2.0;15;0;0;1
65;"BISCOTTI AL LATTE";417.0;1745.0;13.8;76.1;8.5;1.7;1;7;0;1
66;"BISCOTTI FROLLINI";493.0;2063.0;7.4;68.5;21.0;10.45;1;0;0;1
67;"BISCOTTI INTEGRALI";448.0;1874.0;8.5;59.5;19.5;5.96;1;0;0;1
68;"BISCOTTI PER L'INFANZIA";417.0;1745.0;13.8;76.1;8.5;2.41;1;0;0;1
69;"BISCOTTI 'PETIT BEURRE'";415.0;1736.0;6.0;84.7;8.2;4.67;1;0;0;1
70;"BISCOTTI RICOPERTI AL CIOCCOLATO";524.0;2192.0;5.7;67.4;27.6;5.55;1;0;0;1
71;"BISCOTTI SAVOIARDO";392.0;1640.0;11.9;69.8;9.2;2.83;1;0;0;1
72;"BISCOTTI WAFERS";454.0;1900.0;7.1;77.6;15.0;3.86;1;0;0;1
73;"BISCOTTO PER LA PRIMA COLAZIONE";418.0;1749.0;6.6;85.4;7.9;3.06;15;0;0;1
74;"BOVINO, CERVELLO";157.0;657.0;9.8;0.8;12.7;2.95;15;0;0;7
75;"BOVINO, CUORE";123.0;515.0;16.8;0.5;6.0;2.94;15;0;0;7
76;"BOVINO, FEGATO";146.0;611.0;21.0;5.9;4.4;1.62;15;0;0;7
77;"BOVINO, LESSATO IN GELATINA, IN SCATOLA";87.0;364.0;13.9;0.0;3.5;1.48;12;0;0;7
78;"BOVINO, LINGUA";231.0;967.0;17.1;0.4;18.0;7.71;15;0;0;7
79;"BOVINO, LINGUA SALMISTRATA";260.0;1088.0;22.5;0.2;18.8;8.18;15;0;0;7
80;"BOVINO, MIDOLLO OSSEO";822.0;3439.0;3.2;0.0;89.9;27.34;15;0;0;7
81;"BOVINO, MILZA";107.0;448.0;18.5;0.0;3.7;1.57;15;0;0;7
82;"BOVINO, POLMONE";75.0;314.0;14.0;0.0;2.1;0.72;15;0;0;7
83;"BOVINO, RENE";118.0;494.0;18.4;0.8;4.6;1.93;15;0;0;7
84;"BOVINO, SANGUE";75.0;314.0;17.8;0.8;0.1;0.04;15;0;0;7
85;"BOVINO, TRIPPA";108.0;452.0;15.8;0.0;5.0;2.57;15;0;0;7
86;"BRA";328.0;1372.0;30.7;2.0;22.8;14.15;15;0;0;7
87;"BRANDY";224.0;937.0;2.0;2.0;0.0;0.0;15;0;0;1
88;"BRESAOLA";175.0;732.0;34.0;0.0;4.3;1.82;15;0;0;7
89;"BRIE";319.0;1335.0;19.3;2.0;26.9;16.92;7;0;0;6
90;"BRIOCHES";413.0;1728.0;7.2;58.4;18.3;10.2;1;0;0;3
91;"BRIOCHES CON CREMA";391.0;1636.0;6.9;55.6;17.1;9.44;1;7;0;3
92;"BRIOCHES CON MARMELLATA";394.0;1648.0;6.5;58.4;16.5;9.18;1;0;0;3
93;"BROCCOLETTI DI RAPE [BRASSICA RAPA, CV ESCULENTA]";22.0;92.0;2.9;2.0;0.3;0.07;15;0;0;11
94;"BROCCOLO A TESTA [BRASSICA OLERACEA, CV BOTRYTIS CAPUT]";27.0;113.0;3.0;3.1;0.4;0.06;15;0;0;11
95;"BRODO DI CARNE E VERDURA";5.0;21.0;0.7;0.1;0.2;0.05;15;0;0;2
96;"BRODO DI CARNE VARIA";7.0;29.0;1.1;2.0;0.2;0.11;15;0;0;2
97;"BRODO DI DADO";3.0;13.0;0.3;0.1;0.4;0.2;15;0;0;2
98;"BRODO DI GALLINA";9.0;38.0;0.6;0.6;0.5;0.11;15;0;0;2
99;"BRODO VEGETALE";5.0;21.0;0.3;0.3;0.4;0.09;15;0;0;2
100;"BUCCIA D'ARANCIA CANDITA";313.0;1310.0;0.2;82.7;0.2;0.02;12;0;0;1
101;"BUDINO AL CIOCCOLATO";133.0;556.0;2.7;21.8;4.0;0.71;15;0;0;2
102;"BUDINO ALLA VANIGLIA";130.0;544.0;2.3;21.8;3.6;0.57;15;0;0;2
103;"BURRATA";396.0;1657.0;15.2;5.7;34.9;20.82;7;0;0;6
104;"BURRINI";517.0;2163.0;22.1;1.6;47.0;27.57;7;0;0;6
105;"BURRO";758.0;3171.0;0.8;1.1;83.4;48.78;7;0;0;6
106;"BURRO DI ARACHIDI";623.0;2607.0;22.6;13.1;53.7;10.62;5;0;0;1
107;"CACAO AMARO, IN POLVERE";355.0;1485.0;20.4;11.5;25.6;15.09;15;0;0;1
108;"CACAO DOLCE, IN POLVERE, SOLUBILE";349.0;1460.0;4.5;67.7;8.6;5.07;15;0;0;1
109;"CACIOCAVALLO";439.0;1837.0;37.7;2.1;31.1;19.95;7;0;0;6
110;"CACIOCAVALLO AFFUMICATO";439.0;1837.0;37.7;2.1;31.1;19.95;7;0;0;6
111;"CACIOTTA AFFUMICATA";364.0;1523.0;27.7;2.1;27.3;17.34;7;0;0;6
112;"CACIOTTA ROMANA DI PECORA";364.0;1523.0;27.7;2.1;27.3;17.34;7;0;0;6
113;"CACIOTTA TOSCANA";373.0;1561.0;24.6;2.1;29.6;18.37;7;0;0;6
114;"CACIOTTINA FRESCA";261.0;1092.0;17.3;2.0;21.3;13.22;7;0;0;6
115;"CAFFE' ALL'AMERICANA, in tazza";2.0;8.0;0.1;0.4;0.0;2.0;15;0;0;1
116;"CAFFE' BAR, in tazza";4.0;17.0;0.4;0.6;2.0;2.0;15;0;0;1
117;"CAFFE' CRUDO, in grani";190.0;795.0;11.2;6.7;13.1;5.16;15;0;0;1
118;"CAFFE' DECAFFEINATO, in tazza";4.0;17.0;0.4;0.6;2.0;2.0;15;0;0;1
119;"CAFFE' DECAFFEINATO, TOSTATO, MACINATO";287.0;1201.0;10.4;28.5;15.4;6.07;15;0;0;1
120;"CAFFE' MOKA, in tazza";4.0;17.0;0.4;0.6;2.0;2.0;15;0;0;1
121;"CAFFE' SOLUBILE, DECAFFEINATO, in polvere";224.0;937.0;13.9;42.6;0.2;0.1;15;0;0;1
122;"CAFFE' SOLUBILE, DECAFFEINATO, in tazza";2.0;2.0;0.0;2.0;2.0;0.0;15;0;0;1
123;"CAFFE' SOLUBILE, in polvere";223.0;933.0;20.4;41.1;2.0;2.0;15;0;0;1
124;"CAFFE' SOLUBILE, in tazza";2.0;2.0;0.0;2.0;2.0;0.0;15;0;0;1
125;"CAFFE' TOSTATO, MACINATO";287.0;1201.0;10.4;28.5;15.4;6.07;15;0;0;1
126;"CALAMARO [LOLIGO VULGARIS]";68.0;285.0;12.6;0.6;1.7;0.3;14;0;0;13
127;"CALAMARO SURGELATO";70.0;293.0;13.5;1.0;1.4;0.19;14;0;0;14
128;"CAMEMBERT";297.0;1243.0;20.9;2.0;23.7;14.91;7;0;0;6
129;"CANDITI";283.0;1184.0;0.5;75.0;0.0;0.0;12;0;0;1
130;"CANNELLA [CINNAMOMUM VERUM e AROMATICUM]";252.0;1054.0;3.9;55.5;3.2;0.65;15;0;0;1
131;"CANNOLI ALLA CREMA";369.0;1544.0;6.2;42.2;20.7;9.9;1;7;0;2
132;"CAPOCOLLO";450.0;1883.0;20.8;1.4;40.2;18.39;15;0;0;7
133;"CAPPERI SOTT'ACETO";20.0;84.0;2.6;2.1;0.1;0.01;12;0;0;1
134;"CAPRETTO [CAPRA HIREUS]";122.0;510.0;19.2;0.0;5.0;1.54;15;0;0;7
135;"CAPRIOLO [CERVUS spp], COSCIA";103.0;431.0;22.2;0.0;1.6;0.63;15;0;0;7
136;"CAPRIOLO [CERVUS spp], SCHIENA";122.0;510.0;22.4;0.6;3.6;1.41;15;0;0;7
137;"CARAMELLE ALLA FRUTTA";327.0;1368.0;2.8;84.2;0.0;0.0;15;0;0;1
138;"CARAMELLE ALLA MENTA";393.0;1644.0;0.5;102.7;0.7;0.18;15;0;0;1
139;"CARAMELLE DURE";343.0;1435.0;2.0;91.6;2.0;0.0;15;0;0;1
140;"CARAMELLE MORBIDE, MOU";430.0;1799.0;2.1;71.1;17.2;10.71;15;0;0;1
141;"CARCIOFI [CYNARA SCOLYMUS]";22.0;92.0;2.7;2.5;0.2;0.05;15;0;0;7
142;"CARCIOFI SURGELATI";38.0;159.0;2.6;3.9;0.4;0.1;15;0;0;12
143;"CARCIOFINI SOTT'ACETO";18.0;75.0;2.9;2.7;0.2;0.05;12;0;0;1
144;"CARCIOFINI SOTT'OLIO";68.0;285.0;1.8;2.6;5.7;0.67;15;0;0;1
145;"CARDI [CYNARA CARDUNCULUS]";10.0;42.0;0.6;1.7;0.1;0.01;15;0;0;11
146;"CAROTE [DAUCUS CAROTA]";33.0;138.0;1.1;7.6;0.0;0.0;15;0;0;11
147;"CARPA [CYPRINUS CARPIO]";140.0;586.0;18.9;0.0;7.1;1.37;4;0;0;13
148;"CASTAGNE [CASTANEA SATIVA]";189.0;791.0;3.5;42.4;1.8;0.31;8;0;0;1
149;"CASTAGNE, secche";349.0;1460.0;4.7;80.9;3.0;0.52;8;0;0;1
150;"CASTRATO [OVIS AGNUS], CARNE SEMIGRASSA";227.0;950.0;16.8;0.0;17.8;7.93;15;0;0;7
151;"CASTRATO, CARNE GRASSA";332.0;1389.0;16.5;0.0;29.5;13.93;15;0;0;7
152;"CASTRATO, CARNE MAGRA";122.0;510.0;17.0;0.0;6.0;2.83;15;0;0;7
153;"CAVALLO [EQUUS CABALUS]";113.0;473.0;21.7;0.5;2.7;0.97;15;0;0;7
154;"CAVALLO, CUORE";146.0;611.0;18.7;0.6;7.7;2.41;15;0;0;7
155;"CAVALLO, FEGATO";145.0;607.0;22.4;5.3;4.0;1.47;15;0;0;7
156;"CAVIALE";252.0;1054.0;18.9;1.9;18.8;4.26;4;0;0;13
157;"CAVOLFIORE [BRASSICA OLERACEA, CV BOTRYTIS CAULIFLAURA]";25.0;105.0;3.2;2.7;0.2;0.03;15;0;0;11
158;"CAVOLI DI BRUXELLES [BRASSICA OLERACEA, CV GEMMIFERA]";37.0;155.0;4.2;4.3;0.5;0.1;15;0;0;11
159;"CAVOLO BROCCOLO VERDE RAMOSO [BRASSICA OLERACEA CV BOTRITYS CIMOSA]";24.0;100.0;3.4;2.0;0.3;0.05;15;0;0;11
160;"CAVOLO CAPPUCCIO ROSSO [BRASSICA OLERACEA, CV CAPITATA RUBRA]";20.0;84.0;1.9;2.7;0.2;0.03;15;0;0;11
161;"CAVOLO CAPPUCCIO VERDE [BRASSICA OLERACEA, CV CAPITATA ALBA]";19.0;79.0;2.1;2.5;0.1;0.01;15;0;0;11
162;"CECI [CICER ARIETINUM], secchi";334.0;1397.0;21.8;54.3;4.9;0.63;15;0;0;1
163;"CECI IN SCATOLA";56.0;234.0;4.3;7.2;1.4;0.18;15;0;0;1
164;"CEDRO CANDITO";187.0;782.0;0.1;49.4;0.2;0.02;12;0;0;1
165;"CEFALO MUGGINE [MUGIL CEPHALUS]";127.0;531.0;15.8;0.7;6.8;1.78;4;0;0;13
166;"CEREALI AGGREGATI";342.0;1431.0;10.7;74.9;2.0;0.46;1;0;0;1
167;"CERNIA [EPINEPHELUS GUAZA]";80.0;335.0;17.9;0.6;0.7;0.16;4;0;0;13
168;"CERNIA DI FONDO [POLYPRION CERNIUM]";125.0;523.0;15.6;0.6;6.7;1.53;4;0;0;13
169;"CERNIA SURGELATA";88.0;368.0;17.0;0.6;2.0;0.46;4;0;0;13
170;"CERTOSINO";268.0;1121.0;17.5;2.0;22.0;13.65;7;0;0;6
171;"CETRIOLI [CUCUMIS SATIVUS]";14.0;59.0;0.7;1.8;0.5;0.17;15;0;0;11
172;"CETRIOLI IN SALAMOIA";14.0;59.0;0.9;2.6;0.1;0.03;15;0;0;1
173;"CETRIOLINI SOTT'ACETO";14.0;59.0;0.9;2.6;0.1;0.03;12;0;0;1
174;"CHAMPAGNE";76.0;318.0;0.3;1.4;0.0;0.0;15;0;0;1
175;"CHEDDAR";381.0;1594.0;25.0;0.5;31.0;18.52;7;0;0;6
176;"CHERRY BRANDY";255.0;1067.0;2.0;32.6;0.0;0.0;15;0;0;1
177;"CICCIOLI";523.0;2188.0;40.8;0.0;40.0;16.14;15;0;0;1
178;"CICORIA [CICHORIUM INTYBUS]";10.0;42.0;1.4;0.7;0.2;0.05;15;0;0;11
179;"CICORIA CATALOGNA [CHICORIUM INTYBUS, CV CATALOGNA]";24.0;100.0;1.8;3.2;0.5;0.12;15;0;0;11
180;"CICORIA DA TAGLIO [CHICORIUM INTYBUS, CV BARBA DI FRATE]";12.0;50.0;1.2;1.7;0.1;0.02;15;0;0;11
181;"CICORIA WITLOOF [CHICORIUM INTYBUS, CV. WITLOOF]";17.0;71.0;0.7;3.2;0.3;0.07;15;0;0;11
182;"CILIEGE [PRUNUS AVIUM]";38.0;159.0;0.8;9.0;0.1;0.02;15;0;0;9
183;"CIOCCOLATO AL LATTE";565.0;2364.0;8.9;50.8;37.6;21.93;7;0;0;6
184;"CIOCCOLATO BIANCO";529.0;2213.0;8.0;58.3;30.9;18.02;7;0;0;6
185;"CIOCCOLATO CON NOCCIOLE";571.0;2389.0;9.3;45.9;40.1;20.15;8;0;0;1
186;"CIOCCOLATO FONDENTE";542.0;2268.0;5.8;56.7;34.0;20.25;15;0;0;1
187;"CIOCCOLATO GIANDUIA";509.0;2130.0;13.1;52.7;28.8;17.15;15;0;0;1
188;"CIPOLLE [ALLIUM CEPA]";26.0;109.0;1.0;5.7;0.1;0.02;15;0;0;11
189;"CIPOLLE, secche";313.0;1310.0;10.2;68.6;1.7;0.3;15;0;0;1
190;"CIPOLLINE [ALLIUM CEPA, CV PRAECOX]";38.0;159.0;1.3;8.5;0.1;0.02;15;0;0;1
191;"CIPOLLINE SOTT'ACETO";24.0;100.0;0.9;4.9;0.2;0.03;12;0;0;1
192;"COCA COLA";39.0;163.0;2.0;10.5;0.0;0.0;15;0;0;1
193;"COCOMERO [CITRULLUS VULGARIS]";15.0;63.0;0.4;3.7;0.0;0.0;15;0;0;9
194;"COGNAC";214.0;895.0;2.0;0.9;0.0;0.0;15;0;0;1
195;"CONFETTI";441.0;1845.0;5.2;71.9;16.7;1.39;15;0;0;1
196;"CONIGLIO [ORYCTOLAGUS CUNICULUS], CARNE SEMIGRASSA";138.0;577.0;22.1;0.5;5.3;2.04;15;0;0;7
197;"CONIGLIO, CARNE GRASSA";203.0;849.0;18.1;0.4;14.4;5.55;15;0;0;7
198;"CONIGLIO, CARNE MAGRA";102.0;427.0;23.7;0.6;0.6;0.23;15;0;0;7
199;"CONIGLIO, FRATTAGLIE";147.0;615.0;18.7;0.4;7.9;3.12;15;0;0;7
200;"CONO PER GELATO";366.0;1531.0;10.1;78.8;3.3;0.49;1;0;0;1
201;"COPPA";494.0;2067.0;17.0;0.0;47.3;21.64;15;0;0;7
202;"COPPA PARMA";398.0;1665.0;23.6;0.6;33.5;10.98;15;0;0;7
203;"CORNED BEEF IN SCATOLA";219.0;916.0;23.2;0.0;14.0;5.88;15;0;0;1
204;"COTECHINO";450.0;1883.0;17.2;0.0;42.3;14.0;15;0;0;1
205;"COTECHINO, cotto";306.0;1280.0;21.1;0.0;24.7;8.18;15;0;0;1
206;"COZZA O MITILO [MYTILUS EDULIS]";84.0;351.0;11.7;3.4;2.7;0.52;14;0;0;13
207;"CRACKERS AL FORMAGGIO";502.0;2100.0;9.8;62.1;25.5;9.45;1;7;0;1
208;"CRACKERS INTEGRALI";443.0;1854.0;8.8;58.1;17.2;3.08;1;0;0;1
209;"CRACKERS NON SALATI";440.0;1841.0;9.5;68.3;16.3;3.13;1;0;0;1
210;"CRACKERS SALATI";428.0;1791.0;9.4;80.1;10.0;1.92;1;0;0;1
211;"CRACKERS SENZA GRASSI";393.0;1644.0;10.5;79.6;1.6;0.24;1;0;0;1
212;"CRACOTTE";348.0;1456.0;10.5;78.8;1.2;0.13;15;0;0;11
213;"CRAUTI";24.0;100.0;1.5;4.0;0.3;0.08;15;0;0;1
214;"CREMA DI CACAO E NOCCIOLE";537.0;2247.0;6.9;58.1;32.4;9.92;8;7;0;1
215;"CREMA PER PASTICCERIA";192.0;803.0;4.8;30.7;6.4;2.63;7;0;0;6
216;"CREME CARAMEL";109.0;456.0;3.0;20.6;2.2;1.35;3;7;0;2
217;"CRESCIONE [NASTURTIUM OFFICINALIS]";22.0;92.0;3.0;0.4;1.0;0.27;15;0;0;11
218;"CROSTATA CON MARMELLATA";339.0;1418.0;4.9;65.5;8.2;4.56;15;0;0;2
219;"CRUSCA DI GRANO";206.0;862.0;14.1;26.8;5.5;0.93;1;0;0;1
220;"CUMINO [CUMINUM CYMINUM], SEMI";375.0;1569.0;17.8;33.7;22.3;0.72;15;0;0;1
221;"DADI PER BRODO";152.0;636.0;15.7;5.0;18.7;9.09;15;0;0;2
222;"DADI PER BRODO VEGETALE";253.0;1059.0;13.5;11.6;17.3;4.33;15;0;0;2
223;"DAIKON [RAPHUS SATIVUS]";15.0;63.0;0.8;2.9;0.1;0.03;15;0;0;11
224;"DATTERI [PHOENIX DACTYLIFERA], freschi";124.0;519.0;1.5;31.3;0.1;0.04;15;0;0;1
225;"DATTERI, secchi";253.0;1059.0;2.7;63.1;0.6;0.25;15;0;0;1
226;"DENTICE [DENTEX DENTEX]";101.0;423.0;16.7;0.7;3.5;0.45;4;0;0;13
227;"DENTICE SURGELATO";103.0;431.0;17.2;0.7;3.5;0.45;4;0;0;14
228;"DOLCE VERDE";266.0;1113.0;19.1;2.5;20.0;12.41;15;0;0;6
229;"DOLCIFICANTE A BASE DI SACCARINA";397.0;1661.0;0.0;98.6;0.0;0.0;7;0;0;1
230;"DOLCIFICANTE ASPARTAME";400.0;1674.0;0.0;97.5;0.0;0.0;15;0;0;1
231;"DOLCIFICANTE FRUTTOSIO";400.0;1674.0;0.0;99.5;0.0;0.0;15;0;0;1
232;"DOLCIFICANTE SACCARINA";0.0;0.0;0.0;0.0;0.0;0.0;15;0;0;1
233;"EDAM STAGIONATO";345.0;1443.0;29.0;1.0;25.0;15.8;7;0;0;6
234;"EDAM, FRESCO";306.0;1280.0;26.0;1.0;22.0;13.14;7;0;0;6
235;"EMMENTHAL";403.0;1686.0;28.5;3.6;30.6;18.4;7;0;0;6
236;"ERBA CIPOLLINA [ALLIUM SCHOENOPRASUM], fresca";23.0;96.0;2.8;1.7;0.6;0.12;15;0;0;1
237;"ESTRATTO DI CARNE BOVINA";219.0;916.0;54.0;0.0;0.4;0.17;15;0;0;1
238;"FAGIANO [PHASIANUS COLCHICUS]";144.0;602.0;24.3;0.0;5.2;1.51;15;0;0;7
239;"FAGIOLI [PHASEOLUS VULGARIS]";104.0;435.0;6.4;19.4;0.6;0.12;15;0;0;11
240;"FAGIOLI ADUKI [VIGNA ANGULARIS], secchi";272.0;1138.0;19.9;50.1;0.5;0.19;15;0;0;1
241;"FAGIOLI IN SCATOLA";43.0;180.0;4.1;6.3;0.5;0.1;15;0;0;1
242;"FAGIOLI MUNG [PHASEOLUS AUREUS], secchi";279.0;1167.0;23.9;46.3;1.1;0.22;15;0;0;1
243;"FAGIOLI, secchi";311.0;1301.0;23.6;51.7;2.5;0.5;15;0;0;1
244;"FAGIOLINI [PHASEOLUS VULGARIS]";17.0;71.0;2.1;2.4;0.1;0.02;15;0;0;11
245;"FAGIOLINI IN SCATOLA";22.0;92.0;1.5;4.1;0.1;0.02;15;0;0;1
246;"FARAONA [NUMIDA MELEAGRIS]";158.0;661.0;23.4;0.0;6.5;1.77;15;0;0;7
247;"FARAONA, COSCIA";114.0;477.0;24.3;0.2;1.8;0.58;15;0;0;7
248;"FARAONA, PETTO";107.0;448.0;25.1;0.0;0.7;0.23;15;0;0;7
249;"FARINA DI AVENA";388.0;1623.0;12.6;72.9;7.1;1.24;1;0;0;4
250;"FARINA DI CASTAGNE";323.0;1351.0;5.8;71.6;3.7;0.64;8;0;0;1
251;"FARINA DI CECI";334.0;1397.0;21.8;54.3;4.9;0.63;15;0;0;4
252;"FARINA DI COCCO";604.0;2527.0;5.6;6.4;62.0;53.27;15;0;0;4
253;"FARINA DI FRUMENTO, INTEGRALE";321.0;1343.0;11.9;68.4;1.9;0.43;1;0;0;4
254;"FARINA DI FRUMENTO, TIPO ";343.0;1435.0;11.5;76.9;1.0;0.23;1;0;0;4
255;"FARINA DI FRUMENTO, TIPO ";343.0;1435.0;11.0;78.0;0.7;0.16;1;0;0;4
256;"FARINA DI GRANO DURO";304.0;1272.0;12.6;61.1;2.8;0.51;1;0;0;4
257;"FARINA DI GRANO SARACENO";364.0;1523.0;8.1;84.9;1.5;0.33;15;0;0;4
258;"FARINA DI MAIS";365.0;1527.0;8.7;81.5;2.7;0.34;15;0;0;4
259;"FARINA DI ORZO";360.0;1506.0;10.6;80.0;1.9;0.4;1;0;0;4
260;"FARINA DI RISO";363.0;1519.0;7.3;87.8;0.5;0.14;15;0;0;4
261;"FARINA DI SEGALE, integrale";335.0;1402.0;8.2;75.9;2.0;0.23;1;0;0;4
262;"FARINA DI SEGALE, semi0integrale";316.0;1322.0;8.3;67.8;1.3;0.15;1;0;0;4
263;"FARINA DI SOIA, a basso contenuto lipidico";352.0;1473.0;45.3;28.2;7.2;1.0;6;0;0;4
264;"FARINA DI SOIA, intera";447.0;1870.0;36.8;23.5;23.5;3.3;6;0;0;4
265;"FARINA LATTEA";415.0;1736.0;13.2;81.5;6.3;3.0;7;0;0;6
266;"FAVE [VICIA FABA]";37.0;155.0;5.4;4.2;0.2;0.03;13;0;0;11
267;"FAVE SECCHE";342.0;1431.0;27.2;55.3;3.0;0.5;13;0;0;1
268;"FETA";250.0;1046.0;15.6;1.5;20.2;14.19;7;0;0;6
269;"FETTE BISCOTTATE";410.0;1715.0;11.3;83.0;6.0;0.83;1;0;0;1
270;"FETTE BISCOTTATE, DOLCI";404.0;1690.0;10.5;81.6;6.2;0.88;1;0;0;1
271;"FETTE BISCOTTATE, INTEGRALI";365.0;1527.0;11.2;74.1;5.2;0.76;1;0;0;1
272;"FETTE BISCOTTATE, VITAMINIZZATE";410.0;1715.0;11.3;83.0;6.0;0.83;1;0;0;1
273;"FETTE DI SEGALE INTEGRALI";366.0;1531.0;7.9;65.7;1.3;0.15;1;0;0;1
274;"FICHI [FICUS CARICA]";47.0;197.0;0.9;11.2;0.2;0.04;15;0;0;9
275;"FICHI D'INDIA [OPUNTIA FICUS INDICA]";53.0;222.0;0.8;13.0;0.1;0.01;15;0;0;9
276;"FICHI SECCATI AL FORNO E MANDORLATI";277.0;1159.0;5.2;58.2;4.2;0.84;15;0;0;1
277;"FICHI SECCATI AL SOLE";232.0;971.0;3.6;52.9;2.1;0.42;15;0;0;1
278;"FICHI SECCHI";242.0;1013.0;3.5;58.0;2.7;0.54;15;0;0;1
279;"FINOCCHIO [PHOENICULUM VULGARE]";9.0;38.0;1.2;1.0;0.0;0.0;15;0;0;11
280;"FINOCCHIO [PHOENICULUM VULGARE], SEMI";345.0;1443.0;15.8;12.5;14.9;0.48;15;0;0;11
281;"FIOCCHI DI AVENA";395.0;1653.0;8.0;73.5;7.5;1.32;1;0;0;1
282;"FIOCCHI DI CRUSCA DI GRANO";319.0;1335.0;10.2;69.7;1.9;0.44;1;0;0;1
283;"FIOCCHI DI LATTE MAGRO";102.0;427.0;11.7;2.6;5.3;3.17;7;0;0;6
284;"FIOCCHI DI MAIS (CORNFLAKES)";364.0;1523.0;6.6;88.1;0.8;0.13;15;0;0;1
285;"FIOCCHI DI RISO";346.0;1448.0;6.6;77.5;1.2;0.26;15;0;0;1
286;"FIOCCHI D'ORZO";360.0;1506.0;10.6;80.0;1.9;0.4;1;0;0;1
287;"FIOR DI LATTE";265.0;1109.0;20.6;2.0;20.3;12.6;7;0;0;6
288;"FIORI DI ZUCCA [CUCURBITA PEPO]";12.0;50.0;1.7;0.5;0.4;0.21;15;0;0;11
289;"FOCACCIA";292.0;1222.0;8.4;40.7;11.8;2.0;1;0;0;2
290;"FOGLIE DI RAPA [BRASSICA RAPA]";22.0;92.0;2.6;2.8;0.1;0.02;15;0;0;11
291;"FONTINA";343.0;1435.0;24.5;0.8;26.9;14.73;7;0;0;6
292;"FORMAGGINO";309.0;1293.0;11.2;6.0;26.9;16.08;7;0;0;6
293;"FORMAGGINO, a basso tenore di lipidi";239.0;1000.0;14.7;6.5;17.3;10.34;7;0;0;6
294;"FORMAGGIO AL GORGONZOLA E AL MASCARPONE";406.0;1699.0;13.5;0.1;39.1;22.13;7;0;0;6
295;"FORMAGGIO SPALMABILE (tipo Philadelphia)";313.0;1310.0;8.6;2.0;31.0;18.52;7;0;0;6
296;"FRAGOLE [FRAGARIA VESCA]";27.0;113.0;0.9;5.3;0.4;0.02;15;0;0;9
297;"FRUMENTO DURO [TRITICUM DURUM]";314.0;1314.0;13.0;63.0;2.9;0.53;1;0;0;1
298;"FRUMENTO TENERO [TRITICUM AESTIVUM]";319.0;1335.0;12.3;65.8;2.6;0.6;1;0;0;1
299;"FUNGHI CHIODINI [ARMILLARIA MELLEA]";15.0;63.0;2.1;0.1;0.7;0.15;15;0;0;11
300;"FUNGHI GALLINACCI [CANTHARELLUS CIBARIUS FRIES]";11.0;46.0;1.6;0.2;0.5;0.09;15;0;0;11
301;"FUNGHI GALLINACCI, secchi";93.0;389.0;16.5;1.8;2.2;0.52;12;0;0;1
302;"FUNGHI IN SCATOLA";27.0;113.0;3.0;3.0;0.4;0.05;15;0;0;1
303;"FUNGHI OVULI [AMANITA CAESARIA, OVULO EDULE]";18.0;75.0;2.0;1.9;0.3;0.07;15;0;0;11
304;"FUNGHI PORCINELLI [LECINUM SCABRUM]";24.0;100.0;3.1;1.6;0.6;0.13;15;0;0;11
305;"FUNGHI PORCINI [BOLETUS EDULIS]";27.0;113.0;3.9;1.4;0.7;0.15;15;0;0;11
306;"FUNGHI PRATAIOLI, COLTIVATI [AGARICUS CAMPESTRIS]";20.0;84.0;2.3;1.9;0.4;0.1;15;0;0;11
307;"FUNGHI SECCHI";147.0;615.0;40.6;15.6;4.6;1.15;12;0;0;1
308;"FUNGHI SHIITAKE [LENTINUS EDODES], secchi";296.0;1238.0;16.3;63.9;1.0;0.25;12;0;0;1
309;"FUNGHI SOTT'OLIO";48.0;201.0;3.3;2.0;3.9;0.48;15;0;0;1
310;"FUNGHI SPUGNOLI [MORCHELLA ESCULENTA]";17.0;71.0;1.7;1.9;0.3;0.07;15;0;0;11
311;"GALLINA [GALLUS GALLUS]";195.0;816.0;20.9;0.2;12.3;4.09;15;0;0;7
312;"GAMBERETTI DI LAGO [ASTACUS spp]";105.0;439.0;17.1;0.0;4.1;0.69;2;12;0;13
313;"GAMBERETTI SURGELATI";63.0;264.0;13.6;2.0;1.0;0.17;2;12;0;13
314;"GAMBERO [CRANGON VULGARIS]";71.0;297.0;13.6;2.9;0.6;0.09;2;12;0;13
315;"GELATINA ALIMENTARE, secca";354.0;1481.0;88.3;0.0;0.1;0.04;12;0;0;1
316;"GELATO AL CIOCCOLATO";216.0;904.0;3.8;27.0;11.0;6.8;3;7;0;3
317;"GELATO ALLA FRUTTA";179.0;749.0;3.5;24.7;8.0;4.96;3;7;0;3
318;"GELATO FIOR DI LATTE";218.0;912.0;4.2;20.7;13.7;8.58;3;7;0;3
319;"GERME DI GRANO";416.0;1741.0;28.0;55.0;10.0;1.72;1;0;0;11
320;"GERMOGLI DI ERBA MEDICA [MEDICAGO SATIVA]";24.0;100.0;4.0;0.4;0.7;0.07;15;0;0;11
321;"GHIACCIOLO ALL'ARANCIO";137.0;573.0;0.0;36.5;0.0;0.0;15;0;0;3
322;"GIARDINIERA SOTT'ACETO";7.0;29.0;0.4;0.6;0.3;0.03;12;0;0;1
323;"GIARDINIERA SOTT'OLIO";58.0;243.0;2.6;1.3;4.8;0.58;15;0;0;1
324;"GIRASOLE, SEMI";581.0;2431.0;19.8;18.6;47.5;5.34;15;0;0;1
325;"GOMME DA MASTICARE";341.0;1427.0;0.0;96.7;0.3;0.04;15;0;0;1
326;"GORGONZOLA";359.0;1502.0;19.4;0.1;31.2;15.08;7;0;0;6
327;"GORGONZOLA CON LE NOCI";371.0;1552.0;19.3;0.4;32.5;14.69;8;7;0;1
328;"GOUDA FRESCO";344.0;1439.0;23.0;2.0;28.0;17.97;7;0;0;6
329;"GOUDA STAGIONATO";361.0;1510.0;25.0;2.0;29.0;18.62;7;0;0;6
330;"GRANA";381.0;1594.0;35.5;3.7;25.0;16.5;7;0;0;6
331;"GRANCHIO [CALLINECTES SAPIDUS]";87.0;364.0;18.1;2.0;1.1;0.22;2;0;0;13
332;"GRANCHIO, POLPA IN SCATOLA";77.0;322.0;18.1;2.0;0.5;0.1;2;0;0;13
333;"GRANITA DI LIMONE";106.0;444.0;2.0;28.4;0.0;0.0;15;0;0;0
334;"GRANITO DI TENERO";354.0;1481.0;9.2;82.3;1.0;0.23;15;0;0;0
335;"GRAPPA";235.0;983.0;2.0;2.0;0.0;0.0;15;0;0;0
336;"GRISSINI";433.0;1812.0;12.3;69.0;13.9;4.04;1;0;0;0
337;"GRISSINI INTEGRALI";443.0;1854.0;8.8;58.1;17.2;3.08;1;0;0;0
338;"GROVIERA";388.0;1623.0;30.6;1.5;29.0;17.44;7;0;0;6
339;"HALIBUT [HIPPOGLOSSUS HIPPOGLOSSUS]";110.0;460.0;20.8;0.0;2.3;0.33;4;0;0;13
340;"INDIVIA [CHICORIUM ENDIVIA]";16.0;67.0;0.9;2.7;0.3;0.07;15;0;0;11
341;"INSALATA DI RISO";187.0;782.0;5.9;16.1;11.5;2.75;15;0;0;2
342;"IRISH MOSS [CHONDRUS CRISPUS], fresca";8.0;33.0;1.5;2.0;0.2;0.04;15;0;0;11
343;"ITALICO (tipo Bel Paese)";374.0;1565.0;25.4;0.1;30.2;14.67;7;0;0;6
344;"KAKI O LOTI [DIOSPYROS KAKI]";65.0;272.0;0.6;16.0;0.3;0.03;15;0;0;9
345;"KIWI [ACTINIDIA DELICIOSA]";44.0;184.0;1.2;9.0;0.6;0.04;15;0;0;9
346;"KOMBU [LAMINARIA spp], secca";43.0;180.0;7.1;2.0;1.6;0.71;15;0;0;1
347;"LAMPONI [RUBUS IDAEUS]";34.0;142.0;1.0;6.5;0.6;0.02;15;0;0;9
348;"LARDO";891.0;3728.0;2.0;0.0;99.0;34.12;15;0;0;7
349;"LATTE DI BUFALA";102.0;427.0;4.4;5.1;7.3;4.86;7;0;0;6
350;"LATTE DI CAPRA";72.0;301.0;3.9;4.7;4.3;2.82;7;0;0;6
351;"LATTE DI MANDORLE";25.0;105.0;0.6;2.4;1.5;0.12;8;0;0;1
352;"LATTE DI PECORA";103.0;431.0;5.3;5.2;6.9;4.54;7;0;0;6
353;"LATTE DI SOIA";32.0;134.0;2.9;0.8;1.9;0.21;6;0;0;1
354;"LATTE DI VACCA, CONDENSATO, CON ZUCCHERO";327.0;1368.0;8.7;56.5;9.0;5.59;7;0;0;6
355;"LATTE DI VACCA, INTERO";61.0;255.0;3.1;4.8;3.4;2.11;7;0;0;6
356;"LATTE DI VACCA, INTERO UHT";61.0;255.0;3.2;4.7;3.4;2.11;7;0;0;6
357;"LATTE DI VACCA, INTERO VITAMINIZZATO";58.0;243.0;3.1;5.0;3.0;1.86;7;0;0;6
358;"LATTE DI VACCA, INTERO, IN POLVERE";484.0;2025.0;25.7;42.0;24.9;15.45;7;0;0;1
359;"LATTE DI VACCA, PARZIALMENTE SCREMATO";49.0;205.0;3.5;5.0;1.8;0.89;7;0;0;6
360;"LATTE DI VACCA, PARZIALMENTE SCREMATO UHT";49.0;205.0;3.6;4.9;1.8;0.89;7;0;0;6
361;"LATTE DI VACCA, PARZIALMENTE SCREMATO VITAMINIZZATO";45.0;188.0;3.1;5.0;1.5;0.74;7;0;0;6
362;"LATTE DI VACCA, PARZIALMENTE SCREMATO, IN POLVERE";418.0;1749.0;28.8;50.2;12.7;6.28;7;0;0;1
363;"LATTE DI VACCA, SCREMATO";36.0;151.0;3.6;5.3;0.2;0.14;7;0;0;6
364;"LATTE DI VACCA, SCREMATO IN POLVERE";351.0;1469.0;33.1;56.2;0.9;0.63;7;0;0;1
365;"LATTE DI VACCA, SCREMATO UHT";36.0;151.0;3.7;5.2;0.2;0.14;7;0;0;6
366;"LATTE EVAPORATO";151.0;632.0;8.4;8.5;9.4;5.83;7;0;0;6
367;"LATTERIA";450.0;1883.0;30.7;2.0;36.4;22.59;7;0;0;6
368;"LATTERINI [ATHERINA BOYERI]";145.0;607.0;14.6;2.0;9.6;2.18;7;0;0;6
369;"LATTUGA [LACTUCA SATIVA]";19.0;79.0;1.8;2.2;0.4;0.05;15;0;0;11
370;"LATTUGA A CAPPUCCIO [LACTUCA SATIVA, CV CAPITATA]";19.0;79.0;1.5;3.0;0.2;0.03;15;0;0;11
371;"LATTUGA DA TAGLIO [LACTUCA SATIVA, CV ACEPHALA]";14.0;59.0;1.1;2.2;0.1;0.01;15;0;0;11
372;"LENTICCHIE [LENS ESCULENTA], secche";325.0;1360.0;25.0;54.0;2.5;0.34;15;0;0;1
373;"LENTICCHIE IN SCATOLA";61.0;255.0;5.0;10.7;0.4;0.05;15;0;0;1
374;"LEPRE [LEPUS EUROPAENUS], COSCIO";121.0;506.0;22.8;0.0;3.2;0.95;15;0;0;7
375;"LIEVITO DI BIRRA, COMPRESSO";56.0;234.0;12.1;1.1;0.4;0.05;15;0;0;2
376;"LIMETTE [CITRUS AURANTIFOLIA]";38.0;159.0;0.7;8.8;0.3;0.03;15;0;0;9
377;"LIMONE [CITRUS LIMONUM]";11.0;46.0;0.6;2.3;0.0;0.0;15;0;0;9
378;"LIMONE, SCORZA";69.0;289.0;1.5;16.0;0.3;0.04;15;0;0;9
379;"LINO, SEMI";373.0;1561.0;24.5;0.0;31.0;3.0;15;0;0;1
380;"LIQUIRIZIA DOLCE";349.0;1460.0;3.7;76.7;5.2;3.6;15;0;0;1
381;"LIQUORI DA DESSERT";313.0;1310.0;2.0;31.0;0.0;0.0;15;0;0;1
382;"LUCCIO [ESOX LUCIUS]";80.0;335.0;18.7;0.0;0.6;0.1;4;0;0;13
383;"LUMACA [HELIX POMATIA]";98.0;410.0;12.9;7.8;1.7;0.13;15;0;0;13
384;"LUMACHE DI MARE [BUCCINIDAE spp]";137.0;573.0;23.8;7.8;0.4;0.03;15;0;0;13
385;"LUPINI [LUPINUS ALBUS] DEAMARIZZATI";114.0;477.0;16.4;7.2;2.4;0.28;13;0;0;1
386;"MACEDONIA DI FRUTTA IN SCATOLA";57.0;238.0;0.4;14.8;2.0;0.0;15;0;0;1
387;"MAGGIORANA [MAJORANA HORTENSIS], secca";271.0;1134.0;12.7;42.5;7.0;1.17;15;0;0;1
388;"MAIONESE";655.0;2741.0;4.2;2.2;70.0;8.82;15;0;0;1
389;"MAIS [ZEA MAYS]";355.0;1485.0;9.2;75.8;3.8;0.48;15;0;0;1
390;"MAIS DOLCE IN SCATOLA";122.0;510.0;2.9;26.6;1.2;0.15;15;0;0;1
391;"MAIS DOLCE, crudo";93.0;389.0;3.4;17.0;1.8;0.23;15;0;0;1
392;"MANDARANCI e CLEMENTINE";53.0;222.0;0.8;12.8;0.2;0.02;15;0;0;9
393;"MANDARINI [CITRUS NOBILIS]";72.0;301.0;0.9;17.6;0.3;0.04;15;0;0;9
394;"MANDORLE DOLCI [PRUNUS COMMUNIS]";542.0;2268.0;16.0;4.0;51.5;4.27;8;0;0;1
395;"MANGO [MANGIFERA INDICA]";57.0;238.0;0.7;14.1;0.2;0.05;15;0;0;9
396;"MARGARINA";760.0;3180.0;0.6;0.4;84.0;26.41;15;0;0;2
397;"MARGARINA VEGETALE";746.0;3121.0;2.0;0.2;82.8;17.1;15;0;0;2
398;"MARMELLATA (ALBIC.,FICHI,MELE COT.,PESCHE, PRUGNE]";209.0;874.0;0.6;55.2;2.0;0.0;15;0;0;1
399;"MARMELLATA (AMARENE,CILIEGE,UVA,MARASCHE)";236.0;987.0;0.6;62.3;2.0;0.0;15;0;0;1
400;"MARMELLATA (NORMALI E TIPO FRUTTA VIVA)";222.0;929.0;0.5;58.7;2.0;0.0;15;0;0;1
401;"MARMELLATA A RIDOTTO TENORE DI ZUCCHERO";123.0;515.0;0.5;31.9;0.1;2.0;15;0;0;1
402;"MARMELLATA DI ALBICOCCHE";242.0;1013.0;0.7;63.2;0.2;0.01;15;0;0;1
403;"MARMELLATA DI ARANCE";261.0;1092.0;0.1;69.5;0.0;0.0;15;0;0;1
404;"MARMELLATA DI PRUGNE";134.0;561.0;2.1;31.2;0.6;0.03;15;0;0;1
405;"MARSALA ALL'UOVO";150.0;628.0;3.0;12.4;2.0;3.0;3;0;0;1
406;"MARSALA TIPICO";205.0;858.0;0.1;28.0;0.0;0.0;15;0;0;1
407;"MASCARPONE";453.0;1895.0;7.6;2.0;47.0;29.17;7;0;0;6
408;"MELA [PYRUS MALUS]";45.0;188.0;0.2;11.0;0.3;0.07;15;0;0;9
409;"MELA COTOGNA [PYRUS CYDONIA]";34.0;142.0;0.3;6.3;1.0;0.1;15;0;0;9
410;"MELA, polpa secca";243.0;1017.0;0.9;57.2;0.3;0.05;15;0;0;1
411;"MELAGRANE [PUNICA GRANATUM]";63.0;264.0;0.5;15.9;0.2;0.03;15;0;0;9
412;"MELANZANE [SOLANUM MELONGEA]";15.0;63.0;1.1;2.6;0.1;0.02;15;0;0;9
413;"MELANZANE SOTT'OLIO";49.0;205.0;1.1;2.5;4.0;0.46;15;0;0;1
414;"MELONE D'ESTATE [CUCUMIS MELO]";33.0;138.0;0.8;7.4;0.2;0.05;15;0;0;9
415;"MELONE D'INVERNO [CUCUMIS MELO, CV INDORUS]";22.0;92.0;0.5;4.9;0.2;0.05;15;0;0;9
416;"MELU' O PESCE MOLO [GADUS POTASSOU]";72.0;301.0;17.4;0.0;0.3;0.06;4;0;0;13
417;"MENTA [MENTHA SPICATA], fresca";43.0;180.0;3.8;5.3;0.7;0.12;15;0;0;11
418;"MENTA, secca";279.0;1167.0;24.8;34.6;4.6;0.76;15;0;0;11
419;"MERENDINE AL CIOCCOLATO";352.0;1473.0;6.5;60.0;9.5;3.78;15;0;0;1
420;"MERENDINE CON MARMELLATA";359.0;1502.0;5.5;69.8;8.3;2.45;15;0;0;1
421;"MERENDINE FARCITE";414.0;1732.0;6.2;67.6;15.1;5.51;15;0;0;1
422;"MERENDINE TIPO PAN DI SPAGNA";463.0;1937.0;8.3;60.9;22.3;8.14;1;3;0;1
423;"MERINGA";379.0;1586.0;5.3;95.4;2.0;2.0;3;0;0;1
424;"MERLUZZO [MERLUCCIUS MERLUCCIUS]";71.0;297.0;17.0;0.0;0.3;0.06;4;0;0;13
425;"MERLUZZO SURGELATO";75.0;314.0;17.3;0.0;0.6;0.11;4;0;0;14
426;"MIELE";303.0;1268.0;0.6;80.3;0.0;0.0;15;0;0;1
427;"MIRTILLO NERO [VACCINIUM MYRTILLUS]";30.0;126.0;0.6;6.9;0.2;0.02;15;0;0;9
428;"MISO";203.0;849.0;13.3;23.5;6.2;0.89;6;0;0;1
429;"MONTASIO";411.0;1720.0;30.3;2.0;32.2;19.98;7;0;0;6
430;"MORA DI GELSO [MORUS NIGRA]";36.0;151.0;1.3;8.1;2.0;0.0;15;0;0;9
431;"MORA DI ROVO [RUBUS FRUTICOSUS]";26.0;109.0;1.3;5.7;2.0;0.0;15;0;0;9
432;"MORTADELLA DI SUINO";317.0;1326.0;14.7;1.5;28.1;9.22;15;0;0;7
433;"MORTADELLA DI SUINO E BOVINO";388.0;1623.0;13.3;0.5;37.0;12.14;15;0;0;7
434;"MOZZARELLA";243.0;1017.0;19.9;4.9;16.1;10.01;7;0;0;6
435;"MOZZARELLA DI BUFALA";240.0;1004.0;15.7;3.3;18.3;11.47;7;0;0;6
436;"MUESLI";364.0;1523.0;10.6;71.1;5.9;1.04;15;0;0;1
437;"NATTO";212.0;887.0;17.7;9.0;11.0;1.59;6;0;0;1
438;"NESPOLE [ERIOBOTRYA JAPONICA]";28.0;117.0;0.4;6.1;0.4;0.08;15;0;0;9
439;"NOCCIOLE [CORYLUS AVELLANA]";625.0;2615.0;13.0;1.8;62.9;4.08;8;0;0;1
440;"NOCE DI COCCO [COCOS NUCIFERA]";351.0;1469.0;3.2;3.7;36.0;30.93;15;0;0;9
441;"NOCE MOSCATA [MYRISTICA FRAGRANS]";395.0;1653.0;8.8;26.3;29.0;20.72;15;0;0;1
442;"NOCI [JUGLANS REGIA], fresche";582.0;2435.0;10.5;5.5;57.7;4.72;8;0;0;1
443;"NOCI, secche";660.0;2761.0;15.8;6.3;63.7;5.21;8;0;0;1
444;"NORI [PORPHYRA LACINIATA], secca";136.0;569.0;30.7;2.0;1.5;0.33;15;0;0;1
445;"OCA [ANSER ANSER]";373.0;1561.0;15.8;0.0;34.4;9.39;15;0;0;7
446;"OLIO DI COCCO";899.0;3761.0;2.0;0.0;99.9;86.8;15;0;0;1
447;"OLIO DI COLZA";899.0;3761.0;2.0;0.0;99.9;6.31;15;0;0;1
448;"OLIO DI GERME DI GRANO";899.0;3761.0;2.0;0.0;99.9;18.5;1;0;0;1
449;"OLIO DI MAIS VITAMINIZZATO";899.0;3761.0;2.0;0.0;99.9;14.96;15;0;0;1
450;"OLIO DI OLIVA";900.0;3766.0;0.0;0.0;100.0;16.16;15;0;0;1
451;"OLIO DI OLIVA EXTRAVERGINE";900.0;3766.0;0.0;0.0;100.0;16.16;15;0;0;1
452;"OLIO DI OLIVA VITAMINIZZATO";900.0;3766.0;0.0;0.0;100.0;16.16;15;0;0;1
453;"OLIO DI PALMA";899.0;3761.0;2.0;0.0;99.9;47.1;15;0;0;1
454;"OLIO DI SEMI DI ARACHIDI";900.0;3766.0;0.0;0.0;100.0;19.39;5;0;0;1
455;"OLIO DI SEMI DI GIRASOLE";899.0;3761.0;2.0;0.0;99.9;11.24;15;0;0;1
456;"OLIO DI SEMI DI MAIS";899.0;3761.0;2.0;0.0;99.9;14.96;15;0;0;1
457;"OLIO DI SEMI VARI";900.0;3766.0;0.0;0.0;100.0;10.28;8;5;0;1
458;"OLIO DI SESAMO";898.0;3757.0;0.2;0.0;99.7;13.15;11;0;0;1
459;"OLIO DI SOIA";899.0;3761.0;2.0;0.0;99.9;14.02;6;0;0;1
460;"OLIO DI VINACCIOLO";899.0;3761.0;2.0;0.0;99.9;9.23;15;0;0;1
461;"OLIVE DA TAVOLA, CONSERVATE";268.0;1121.0;1.5;5.0;27.0;3.78;15;0;0;1
462;"OLIVE NERE [OLEA EUROPEA SATIVA]";234.0;979.0;1.6;0.8;25.1;3.51;15;0;0;1
463;"OLIVE VERDI [OLEA EUROPEA]";142.0;594.0;0.8;1.0;15.0;2.1;15;0;0;1
464;"OMBRINA [OMBRINA CIRROSA] SURGELATA";78.0;326.0;17.2;0.8;0.7;0.09;4;0;0;13
465;"ORATA [SPARUS AURATUS], SURGELATA";90.0;377.0;19.8;0.0;1.2;0.15;4;0;0;13
466;"ORIGANO [ORIGANUM VULGARE], fresco";66.0;276.0;2.2;9.7;2.0;0.52;15;0;0;1
467;"ORIGANO, secco macinato";306.0;1280.0;11.0;49.5;10.3;2.67;15;0;0;1
468;"ORTICA [URTICA DIOICA]";36.0;151.0;5.9;1.3;0.7;0.09;15;0;0;11
469;"ORZO [HORDEUM VULGARE], PERLATO";318.0;1331.0;10.4;70.5;1.4;0.29;1;0;0;1
470;"ORZO SOLUBILE O CAFFE' D'ORZO, in polvere";372.0;1556.0;5.5;80.9;3.4;0.63;1;0;0;1
471;"ORZO SOLUBILE O CAFFE' D'ORZO, in tazza";5.0;21.0;0.1;1.0;2.0;0.01;1;0;0;1
472;"OSTRICA [OSTREA EDULIS]";69.0;289.0;10.2;5.4;0.9;0.17;14;0;0;13
473;"OVINO, CUORE";134.0;561.0;16.9;0.4;7.2;2.78;15;0;0;7
474;"OVINO, FEGATO";135.0;565.0;19.5;2.0;5.5;1.7;15;0;0;7
475;"PALOMBO [MUSTELUS MUSTELUS]";80.0;335.0;16.0;1.3;1.2;0.17;4;0;0;13
476;"PAN DI SPAGNA";314.0;1314.0;8.5;59.4;6.4;2.34;1;3;0;1
477;"PANCARRE' AMERICANO COMUNE";267.0;1117.0;8.2;46.9;3.6;0.81;1;0;0;1
478;"PANCETTA AFFUMICATA O BACON";276.0;1155.0;15.8;0.0;23.6;8.0;15;0;0;7
479;"PANCETTA COPPATA";394.0;1648.0;20.9;0.7;34.2;14.0;15;0;0;7
480;"PANCETTA DI MAIALE";661.0;2766.0;8.4;1.0;69.3;24.3;15;0;0;7
481;"PANCETTA MAGRETTA";314.0;1314.0;21.7;0.0;25.3;9.28;15;0;0;7
482;"PANCETTA TESA";337.0;1410.0;20.9;0.0;28.1;9.61;15;0;0;7
483;"PANE AL LATTE";347.0;1452.0;8.6;64.9;7.6;2.7;1;7;0;1
484;"PANE ALLE OLIVE";286.0;1197.0;7.0;52.6;6.7;1.07;1;0;0;1
485;"PANE COMUNE, pezzatura da g";279.0;1167.0;8.1;64.7;0.2;0.05;1;0;0;1
486;"PANE CONDITO";284.0;1188.0;13.3;56.9;3.4;0.99;1;0;0;1
487;"PANE DI GRANO DURO";245.0;1025.0;10.1;49.1;2.3;0.41;1;0;0;1
488;"PANE DI GRANO E SEGALE";226.0;946.0;6.2;47.7;1.1;0.15;1;0;0;1
489;"PANE DI SEGALE";219.0;916.0;8.3;45.8;1.7;0.32;1;0;0;1
490;"PANE DI SEGALE BISCOTTATO";284.0;1188.0;9.4;46.7;3.6;0.69;1;0;0;1
491;"PANE DI SOIA";276.0;1155.0;12.0;41.7;6.8;1.04;1;6;0;1
492;"PANE GRATTUGIATO";354.0;1481.0;11.6;77.5;1.9;0.44;1;0;0;1
493;"PANE INTEGRALE";243.0;1017.0;7.5;53.8;1.3;0.3;1;0;0;1
494;"PANE TOSTATO";298.0;1247.0;8.8;69.2;0.5;0.12;1;0;0;1
495;"PANE, TIPO , pezzatura > g";267.0;1117.0;8.9;60.3;0.6;0.14;1;0;0;1
496;"PANE, TIPO , pezzatura da g";276.0;1155.0;8.1;64.0;0.5;0.11;1;0;0;1
497;"PANE, TIPO , pezzatura da g";290.0;1213.0;8.2;67.5;0.4;0.1;1;0;0;1
498;"PANETTONE";334.0;1397.0;6.4;56.5;10.7;5.57;1;0;0;1
499;"PANINI ALL'OLIO";302.0;1264.0;7.7;58.3;5.8;0.96;15;0;0;1
500;"PANNA, % di lipidi";337.0;1410.0;2.3;3.4;35.0;20.47;7;0;0;6
501;"PANNA, % di lipidi";292.0;1222.0;2.6;3.2;30.0;17.55;7;0;0;6
502;"PANNA, % di lipidi (da cucina)";206.0;862.0;2.8;3.9;20.0;11.7;7;0;0;6
503;"PANNA, a basso contenuto di colesterolo";206.0;862.0;2.8;3.9;20.0;11.7;7;0;0;6
504;"PAPAYA [CARICA PAPAYA]";36.0;151.0;0.5;8.8;0.1;0.03;15;0;0;7
505;"PAPRIKA [CAPSICUM ANNUUM], in polvere";306.0;1280.0;14.8;34.8;13.0;2.11;15;0;0;1
506;"PARMIGIANO";374.0;1565.0;36.0;2.0;25.6;16.89;7;0;0;6
507;"PASTA ALL'UOVO, fresca";309.0;1293.0;11.8;63.2;2.8;0.79;1;3;0;2
508;"PASTA ALL'UOVO, secca";368.0;1540.0;13.0;78.6;2.4;0.67;1;3;0;1
509;"PASTA DI MANDORLE";467.0;1954.0;8.0;54.3;25.8;2.14;8;0;0;1
510;"PASTA DI OLIVE";331.0;1385.0;1.4;4.5;34.3;5.02;15;0;0;1
511;"PASTA DI SEMOLA";341.0;1426.0;13.5;72.7;1.2;0.07;1;0;0;1
512;"PASTA DI SEMOLA INTEGRALE";324.0;1356.0;13.4;66.2;2.5;0.58;1;0;0;1
513;"PASTA FROLLA";480.0;2008.0;7.7;61.3;24.3;10.25;1;0;0;2
514;"PASTA SFOGLIA";560.0;2343.0;5.6;45.9;40.6;15.77;1;0;0;2
515;"PASTI DIETETICI SOSTITUTIVI";355.0;1485.0;26.0;41.5;9.4;2.0;15;0;0;2
516;"PASTICCINI AL COCCO";404.0;1690.0;3.6;70.4;12.7;11.24;15;0;0;2
517;"PASTORELLA";364.0;1523.0;26.9;2.0;28.5;17.69;7;0;0;6
518;"PATATE [SOLANUM TUBEROSUM]";85.0;356.0;2.1;18.0;1.0;0.19;15;0;0;11
519;"PATATE DOLCI [IPOMAEA BATATAS]";87.0;364.0;1.2;21.3;0.3;0.06;15;0;0;11
520;"PATATE NOVELLE [SOLANUM TUBEROSUM]";67.0;280.0;2.0;15.8;0.0;0.0;15;0;0;11
521;"PATATE, FECOLA";349.0;1460.0;1.4;91.5;0.0;0.0;15;0;0;1
522;"PATATE, POLVERE ISTANTANEA";318.0;1331.0;9.1;73.2;0.8;0.19;15;0;0;1
523;"PATATINE IN SACCHETTO";536.0;2243.0;7.0;51.2;34.6;10.96;15;0;0;1
524;"PECORA [OVIS ARIES]";293.0;1226.0;17.0;0.0;25.0;11.8;15;0;0;7
525;"PECORINO";366.0;1531.0;28.5;2.0;28.0;17.79;7;0;0;6
526;"PECORINO DA GRATTUGIARE";378.0;1582.0;29.5;2.0;28.9;18.36;7;0;0;6
527;"PECORINO ROMANO";379.0;1586.0;28.3;2.0;29.5;18.74;7;0;0;6
528;"PECORINO, FRESCO";332.0;1389.0;26.0;2.0;25.4;17.72;7;0;0;6
529;"PEPE NERO [PIPER NIGRUM]";255.0;1067.0;10.9;38.3;3.3;0.98;15;0;0;1
530;"PEPERONCINI PICCANTI [CAPSICUM ANNUUM]";25.0;105.0;1.8;3.8;0.5;0.09;15;0;0;11
531;"PEPERONI DOLCI [CAPSICUM ANNUUM]";22.0;92.0;0.9;4.2;0.3;0.05;15;0;0;11
532;"PEPERONI GIALLI [CAPSICUM ANNUUM, CV GROSSUM]";22.0;92.0;0.9;5.0;0.3;0.05;15;0;0;11
533;"PEPERONI SOTT'ACETO";15.0;63.0;0.8;1.7;0.6;0.09;12;0;0;1
534;"PERA [PYRUS COMMUNIS]";41.0;172.0;0.3;9.5;0.4;0.02;15;0;0;9
535;"PESCA [PRUNUS PERSICA]";27.0;113.0;0.8;6.1;0.1;0.01;15;0;0;9
536;"PESCA SCIROPPATA";87.0;364.0;0.4;22.9;2.0;0.0;15;0;0;1
537;"PESCE PERSICO [PERCA FLUVIATILIS]";75.0;314.0;15.4;2.0;1.5;0.3;4;0;0;13
538;"PESCE SPADA [XIPHIAS GLADIUS]";109.0;456.0;16.9;1.0;4.2;1.15;4;0;0;13
539;"PICCIONE ADULTO [COLUMBA LIVIA]";187.0;782.0;18.4;0.3;12.5;3.27;15;0;0;7
540;"PICCIONE GIOVANE [COLUMBA LIVIA]";138.0;577.0;22.1;0.0;5.5;1.44;15;0;0;7
541;"PINOLI [PINUS PINEA]";567.0;2372.0;29.6;5.0;47.8;7.35;8;0;0;1
542;"PISELLI [PISUM SATIVUM], freschi";76.0;318.0;7.0;12.4;0.2;0.08;15;0;0;11
543;"PISELLI IN SCATOLA";53.0;222.0;5.8;6.8;0.8;0.29;15;0;0;1
544;"PISELLI IN SCATOLA SGOCCIOLATI";53.0;222.0;5.8;6.8;0.8;0.29;15;0;0;1
545;"PISELLI SURGELATI";54.0;226.0;5.7;7.5;0.4;0.15;15;0;0;12
546;"PISELLI, secchi";306.0;1280.0;21.7;53.6;2.0;0.74;15;0;0;1
547;"PISTACCHI [PISTACIA VERA], freschi";390.0;1632.0;12.8;16.4;32.6;4.13;8;0;0;1
548;"PISTACCHI, secchi";577.0;2414.0;20.6;14.0;48.4;6.13;8;0;0;1
549;"PISTACCHI, tostati e salati";601.0;2515.0;17.9;8.2;55.4;7.02;8;0;0;1
550;"PIZZA CON POMODORO";247.0;1033.0;4.0;51.9;4.0;0.68;1;0;0;2
551;"PIZZA CON POMODORO E MOZZARELLA";271.0;1134.0;5.6;52.9;5.6;1.99;1;7;0;2
552;"POLENTA";183.0;766.0;4.4;40.8;1.4;0.17;15;0;0;1
553;"POLLO [GALLUS GALLUS], INTERO";175.0;732.0;19.1;0.0;11.0;3.65;15;0;0;7
554;"POLLO, ALI";193.0;808.0;20.3;0.0;12.4;4.09;15;0;0;7
555;"POLLO, COSCIA";130.0;544.0;17.9;0.0;6.5;2.16;15;0;0;7
556;"POLLO, FEGATINI";122.0;510.0;20.5;2.0;4.5;1.4;15;0;0;7
557;"POLLO, PETTO";97.0;406.0;22.2;0.0;0.9;0.25;15;0;0;7
558;"POLLO, REGAGLIE";196.0;820.0;13.9;0.1;15.6;4.75;15;0;0;7
559;"POLPO [OCTOPUS VULGARIS]";57.0;238.0;10.6;1.4;1.0;0.23;14;0;0;13
560;"POLPO SURGELATO";51.0;213.0;12.4;2.0;0.2;0.05;14;7;0;14
561;"POMODORI DA INSALATA [SOLANUM LYCOPERSICUM]";17.0;71.0;1.2;2.8;0.2;0.03;15;0;0;11
562;"POMODORI MATURI [SOLANUM LYCOPERSICUM]";19.0;79.0;1.0;3.5;0.2;0.03;15;0;0;11
563;"POMODORI SECCHI";258.0;1079.0;14.1;43.5;3.0;0.43;15;0;0;1
564;"POMODORI SOTT'OLIO";213.0;891.0;5.1;17.5;14.1;1.89;15;0;0;1
565;"POMODORI, PELATI, IN SCATOLA CON LIQUIDO";21.0;88.0;1.2;3.0;0.5;0.07;15;0;0;1
566;"POMODORO, CONCENTRATO (sostanza secca 8%)";50.0;209.0;0.9;11.4;0.4;0.06;15;0;0;1
567;"POMODORO, CONCENTRATO (sostanza secca 25%)";71.0;297.0;4.4;16.4;0.6;0.09;15;0;0;1
568;"POMODORO, CONSERVA (sostanza secca 30%)";96.0;402.0;3.9;20.4;0.4;0.06;15;0;0;1
569;"POMPELMO [CITRUS PARADISI]";26.0;109.0;0.6;6.2;0.0;0.0;15;0;0;9
570;"POMPELMO ROSA [CITRUS PARADISI]";30.0;126.0;0.6;7.7;0.1;0.01;15;0;0;9
571;"POP CORN";383.0;1602.0;12.7;76.7;5.0;0.68;15;0;0;1
572;"PORRI [ALLIUM PORRUM]";29.0;121.0;2.1;5.2;0.1;0.01;15;0;0;11
573;"PORTO";157.0;657.0;0.1;12.0;0.0;0.0;15;0;0;1
574;"PREZZEMOLO [PETROSELINUM SATIVUM], fresco";20.0;84.0;3.7;2.0;0.6;0.1;15;0;0;11
575;"PREZZEMOLO, secco";181.0;757.0;15.8;14.5;7.0;0.18;15;0;0;1
576;"PROSCIUTTO COTTO";215.0;900.0;19.8;0.9;14.7;5.1;15;0;0;7
577;"PROSCIUTTO COTTO, AFFUMICATO";215.0;900.0;19.8;0.9;14.7;5.1;15;0;0;7
578;"PROSCIUTTO COTTO, MAGRO";132.0;552.0;22.2;1.0;4.4;1.53;15;0;0;7
579;"PROSCIUTTO CRUDO";370.0;1548.0;22.2;0.0;31.2;10.25;15;0;0;7
580;"PROSCIUTTO CRUDO, AFFUMICATO";218.0;912.0;28.6;0.0;11.5;3.78;15;0;0;7
581;"PROSCIUTTO CRUDO, MAGRO";218.0;912.0;28.6;0.0;11.5;3.78;15;0;0;7
582;"PROVOLA AFFUMICATA";260.0;1088.0;21.2;2.0;19.6;12.16;7;0;0;6
583;"PROVOLONCINO DOLCE";348.0;1456.0;25.0;2.1;26.6;15.73;7;0;0;6
584;"PROVOLONE";374.0;1565.0;26.3;2.1;28.9;17.09;7;0;0;6
585;"PROVOLONE PICCANTE";400.0;1674.0;29.4;2.1;30.4;17.98;7;0;0;6
586;"PRUGNE [PRUNUS DOMESTICA]";42.0;176.0;0.5;10.5;0.1;0.01;15;0;0;9
587;"PRUGNE REGINA CLAUDIA [PRUNUS DOMESTICA, CV ITALICA]";41.0;172.0;0.8;9.7;0.1;0.01;15;0;0;9
588;"PRUGNE, secche";220.0;920.0;2.2;55.0;0.5;0.04;15;0;0;1
589;"QUAGLIA [COTURNIX COTURNIX]";161.0;674.0;25.0;0.0;6.8;1.91;15;0;0;7
590;"RADICCHIO ROSSO [CICHORIUM INTYBUS]";13.0;54.0;1.4;1.6;0.1;0.02;15;0;0;11
591;"RADICCHIO VERDE [CICHORIUM INTYBUS]";14.0;59.0;1.9;0.5;0.5;0.12;15;0;0;11
592;"RANA [RANA ESCULENTA]";64.0;268.0;15.5;0.0;0.2;0.07;15;0;0;13
593;"RANA PESCATRICE [LOPHIUS PISCATORIUS]";63.0;264.0;12.8;0.6;1.0;0.22;4;0;0;13
594;"RAPE [BRASSICA RAPA]";18.0;75.0;1.0;3.8;0.0;0.0;15;0;0;11
595;"RAVANELLI [RAPHANUS SATIVUS]";11.0;46.0;0.8;1.8;0.1;0.03;15;0;0;11
596;"RAZZA [RAJA ASTERIAS]";68.0;285.0;14.2;0.7;0.9;2.0;15;0;0;13
597;"RHUM";222.0;929.0;0.0;0.0;0.0;0.0;15;0;0;1
598;"RIBES NERO [RIBES NIGRUM]";28.0;117.0;0.9;6.6;2.0;0.0;15;0;0;9
599;"RIBES ROSSO [RIBES RUBRUM]";21.0;88.0;1.1;4.4;2.0;0.0;15;0;0;9
600;"RICOTTA DI PECORA";271.0;1134.0;8.4;3.2;25.1;17.51;7;0;0;6
601;"RICOTTA DI VACCA";136.0;569.0;12.2;4.0;8.0;4.96;7;0;0;6
602;"RICOTTA DI VACCA E PECORA";204.0;854.0;10.3;3.6;16.6;11.24;7;0;0;6
603;"RICOTTA INTERA, TIPO TEDESCO";109.0;456.0;12.5;3.6;5.1;3.17;7;0;0;6
604;"RICOTTA MAGRA TIPO TEDESCO";72.0;301.0;13.5;4.1;0.2;0.12;7;0;0;6
605;"RISO [ORYZA SATIVA], BRILLATO";362.0;1515.0;7.0;87.6;0.6;0.14;15;0;0;1
606;"RISO SOFFIATO";369.0;1544.0;6.1;89.7;0.9;0.2;15;0;0;1
607;"RISO, SBRAMATO (INTEGRALE)";357.0;1494.0;6.7;81.3;2.8;0.56;15;0;0;1
608;"RISO, TIPO PARBOILED";364.0;1523.0;6.7;79.3;1.0;0.27;15;0;0;1
609;"ROBIOLA";309.0;1293.0;18.9;2.0;25.9;16.07;7;0;0;6
610;"ROCHEFORT";375.0;1569.0;19.7;2.0;32.9;20.68;7;0;0;6
611;"ROMBO [RHOMBUS MAXIMUM]";81.0;339.0;16.3;1.2;1.3;0.17;4;0;0;13
612;"ROSMARINO [ROSMARINUS OFFICINALIS], fresco";96.0;402.0;1.4;13.5;4.4;1.14;15;0;0;11
613;"ROSMARINO, secco";331.0;1385.0;4.9;46.4;15.2;3.94;15;0;0;1
614;"RUCOLA [ERUCA SATIVA]";25.0;105.0;2.6;2.1;0.7;0.09;15;0;0;11
615;"SALAME CACCIATORE";424.0;1774.0;28.5;1.2;34.0;10.8;15;0;0;7
616;"SALAME DA CUOCERE";326.0;1364.0;36.0;1.5;19.6;6.23;15;0;0;7
617;"SALAME DI SUINO";475.0;1987.0;22.5;0.0;42.8;13.6;15;0;0;7
618;"SALAME DI SUINO E BOVINO";454.0;1900.0;27.4;0.0;38.3;14.5;15;0;0;7
619;"SALAME FABRIANO";421.0;1761.0;26.5;1.5;34.3;12.19;15;0;0;7
620;"SALAME FELINO";375.0;1569.0;30.5;0.5;27.9;9.51;15;0;0;7
621;"SALAME MILANO";390.0;1632.0;26.7;1.5;30.9;9.82;15;0;0;7
622;"SALAME NAPOLI";358.0;1498.0;26.7;1.7;27.3;8.04;15;0;0;7
623;"SALAME NOSTRANO";370.0;1548.0;27.3;1.1;28.5;9.33;15;0;0;7
624;"SALAME UNGHERESE";406.0;1699.0;24.2;0.7;34.0;9.74;15;0;0;7
625;"SALATINI";514.0;2151.0;7.2;71.1;24.3;7.06;1;3;0;2
626;"SALE da cucina";0.0;0.0;0.0;0.0;0.0;0.0;15;0;0;1
627;"SALMONE [SALMO SALAR]";180.0;753.0;20.2;0.0;11.0;1.9;4;0;0;13
628;"SALMONE AFFUMICATO";142.0;594.0;25.4;0.0;4.5;0.78;4;0;0;13
629;"SALMONE IN SALAMOIA";188.0;787.0;21.1;0.0;11.5;2.44;4;0;0;13
630;"SALSICCIA DI FEGATO";424.0;1774.0;12.4;0.9;41.2;12.0;15;0;0;7
631;"SALSICCIA DI SUINO E BOVINO, fresca";394.0;1648.0;14.2;0.0;37.4;14.16;15;0;0;7
632;"SALSICCIA DI SUINO, fresca";304.0;1272.0;15.4;0.6;26.7;12.22;15;0;0;7
633;"SALSICCIA DI SUINO, secca";514.0;2151.0;22.0;0.0;47.3;21.64;15;0;0;7
634;"SALVIA [SALVIA OFFICINALIS], fresca";119.0;498.0;3.9;15.6;4.6;2.54;15;0;0;11
635;"SALVIA, secca macinata";315.0;1318.0;10.6;42.7;12.7;7.03;15;0;0;1
636;"SARAGO [DIPLODUS SARGUS]";103.0;431.0;15.0;1.0;4.4;0.57;4;0;0;13
637;"SARDA [SARDINA PILCHARDUS]";129.0;540.0;20.8;1.5;4.5;1.02;4;0;0;13
638;"SARDINE SALATE";133.0;556.0;25.1;0.0;3.6;0.82;4;0;0;1
639;"SARDINE SOTT'OLIO";198.0;828.0;22.3;0.0;12.1;2.4;4;0;0;1
640;"SCALOGNO [ALLIUM ASCALONIUM]";20.0;84.0;1.5;3.3;0.2;0.03;15;0;0;11
641;"SCAMORZA";209.0;874.0;22.7;7.2;10.1;6.28;7;0;0;6
642;"SCAMORZA AFFUMICATA";209.0;874.0;22.7;7.2;10.1;6.28;7;0;0;6
643;"SCAROLA [LACTUCA SCAROLA]";15.0;63.0;1.6;1.7;0.2;0.05;15;0;0;11
644;"SCIROPPO DI MALTO";318.0;1331.0;6.2;71.3;0.0;0.0;15;0;0;1
645;"SCIROPPO PER BIBITE";297.0;1243.0;0.3;79.0;0.0;0.0;15;0;0;1
646;"SCORZONERA [TRAGOPOGON PORRIFOLIUS]";27.0;113.0;1.3;10.2;0.3;0.07;15;0;0;11
647;"SEDANO [APIUM GRAVEOLENS]";20.0;84.0;2.3;2.4;0.2;0.05;9;0;0;11
648;"SEDANO RAPA [APIUM GRAVEOLENS, CV RAPACEUM]";23.0;96.0;1.9;3.8;0.1;0.03;9;0;0;11
649;"SEGO DI BUE";872.0;3648.0;0.8;0.0;96.5;48.06;15;0;0;7
650;"SEMOLA";341.0;1427.0;11.5;77.6;0.5;0.12;1;0;0;4
651;"SEPPIA [SEPIA OFFICINALIS]";72.0;301.0;14.0;0.7;1.5;0.43;14;0;0;13
652;"SEPPIA SURGELATA";63.0;264.0;14.1;0.7;0.4;0.11;14;0;0;14
653;"SGOMBRO O MACCARELLO [SCOMBER SCOMBRUS]";168.0;703.0;17.0;0.0;11.1;2.6;4;0;0;13
654;"SGOMBRO O MACCARELLO IN SALAMOIA";177.0;741.0;19.3;0.0;11.1;2.6;4;0;0;1
655;"SGOMBRO, FILETTI SOTT'OLIO";201.0;841.0;25.3;1.0;10.7;2.31;4;0;0;13
656;"SHOYU, salsa di soia e grano";53.0;222.0;5.2;7.7;0.1;0.01;1;6;0;1
657;"SODA DOLCE";22.0;92.0;2.0;5.8;0.0;0.0;15;0;0;1
658;"SOFFICINI AL FORMAGGIO SURGELATI";278.0;1163.0;7.2;28.6;15.8;3.14;7;0;0;3
659;"SOGLIOLA [SOLEA SOLEA]";86.0;360.0;16.9;0.8;1.7;0.22;4;0;0;13
660;"SOGLIOLA SURGELATA";84.0;351.0;17.3;0.8;1.3;0.17;4;0;0;13
661;"SOIA [GLYCINE MAX], SEMI";398.0;1665.0;36.9;23.3;18.1;2.54;6;0;0;1
662;"SOIA, BISTECCA";329.0;1377.0;47.0;20.9;1.2;0.14;6;0;0;1
663;"SOIA, GERMOGLI";49.0;205.0;6.2;3.0;1.4;0.2;6;0;0;1
664;"SOTTILETTE";330.0;1381.0;20.8;0.9;27.0;16.14;7;0;0;6
665;"SPECK";301.0;1259.0;28.3;0.5;20.9;5.72;15;0;0;7
666;"SPIGOLA [MORONE LABRAX]";82.0;343.0;16.5;0.6;1.5;0.24;4;0;0;13
667;"SPINACI [SPINACIA OLERACEA]";31.0;130.0;3.4;3.0;0.7;0.07;15;0;0;11
668;"SPINACI IN SCATOLA";19.0;79.0;2.8;0.8;0.5;0.08;15;0;0;1
669;"SPREMUTA DI ARANCIA";33.0;138.0;0.5;8.2;0.0;0.0;15;0;0;2
670;"SPREMUTA DI POMPELMO";30.0;126.0;0.3;7.9;2.0;0.0;15;0;0;2
671;"SPUMANTI AROMATICI";82.0;343.0;0.2;5.1;0.0;0.0;15;0;0;1
672;"SPUMANTI DEMI0SEC";71.0;297.0;0.1;2.5;0.0;0.0;15;0;0;1
673;"SPUMANTI SECCHI";65.0;272.0;0.1;0.7;0.0;0.0;15;0;0;1
674;"STARNA [PERDIX PERDIX], COSCIO";113.0;473.0;26.4;0.0;2.6;0.79;15;0;0;7
675;"STOCCAFISSO [GADUS POUTASSOU], ammollato";92.0;385.0;20.7;0.3;0.9;0.13;4;0;0;13
676;"STOCCAFISSO, secco";358.0;1498.0;80.1;1.1;3.5;0.68;4;0;0;13
677;"STRACCHINO";300.0;1255.0;18.5;2.0;25.1;15.58;7;0;0;6
678;"STRUTTO O SUGNA";892.0;3732.0;0.3;0.0;99.0;42.47;15;0;0;7
679;"SUCCO DI ALBICOCCA, CONSERVATO";47.0;197.0;0.3;12.0;0.1;0.01;16;0;0;1
680;"SUCCO DI ANANAS, CONSERVATO";56.0;234.0;0.3;13.6;0.1;0.01;16;0;0;1
681;"SUCCO DI ARANCIA E POMPELMO non zuccherato";43.0;180.0;0.6;10.2;0.1;0.01;16;0;0;1
682;"SUCCO DI ARANCIA, CONCENTRATO";185.0;774.0;2.9;44.9;0.5;0.06;16;0;0;1
683;"SUCCO DI ARANCIA, CONSERVATO, non zuccherato";36.0;151.0;0.5;8.8;0.1;0.01;16;0;0;1
684;"SUCCO DI BARBABIETOLA, FRESCO";14.0;59.0;0.8;2.9;0.0;0.0;16;0;0;1
685;"SUCCO DI CAROTE, CONSERVATO";24.0;100.0;0.5;5.7;0.1;0.02;16;0;0;1
686;"SUCCO DI FRUTTA, CONSERVATO";56.0;234.0;0.3;14.5;0.1;0.02;16;0;0;1
687;"SUCCO DI LIMONE, CONSERVATO";21.0;88.0;0.4;6.1;0.3;0.04;16;0;0;1
688;"SUCCO DI LIMONE, FRESCO";6.0;25.0;0.2;1.4;0.0;0.0;16;0;0;1
689;"SUCCO DI MANDARINO, CONSERVATO, non zuccherat";50.0;209.0;0.5;11.8;0.2;0.01;16;0;0;1
690;"SUCCO DI MANDARINO, FRESCO";43.0;180.0;0.5;9.9;0.2;0.02;16;0;0;1
691;"SUCCO DI MELA, CONSERVATO, non zuccherato";38.0;159.0;0.1;9.9;0.1;0.02;16;0;0;1
692;"SUCCO DI MELAGRANA, FRESCO";44.0;184.0;0.2;11.6;2.0;0.0;16;0;0;1
693;"SUCCO DI PERA, CONSERVATO";60.0;251.0;0.1;15.2;2.0;0.0;16;0;0;1
694;"SUCCO DI PESCA, CONSERVATO";54.0;226.0;0.3;13.3;2.0;0.0;16;0;0;1
695;"SUCCO DI POMODORO, CONSERVATO";14.0;59.0;0.8;3.0;2.0;0.0;16;0;0;1
696;"SUCCO DI POMPELMO, CONSERVATO, non zuccherato";33.0;138.0;0.4;8.3;0.1;0.01;16;0;0;1
697;"SUCCO DI POMPELMO, CONSERVATO, zuccherato";46.0;192.0;0.6;11.0;0.1;0.01;16;0;0;1
698;"SUCCO DI SPINACI";10.0;42.0;1.4;0.5;0.3;0.03;16;0;0;1
699;"SUCCO DI UVA, CONSERVATO, non zuccherato";46.0;192.0;0.3;11.7;0.1;0.03;16;0;0;1
700;"SUCCO TROPICALE, CONSERVATO";47.0;197.0;0.2;11.6;0.1;0.01;16;0;0;1
701;"SUINO [SUS SCROFA], CARNE SEMIGRASSA";268.0;1121.0;17.2;0.0;22.1;10.11;15;0;0;7
702;"SUINO, BISTECCA";100.0;418.0;18.3;0.0;3.0;1.37;15;0;0;7
703;"SUINO, CARNE MAGRA";141.0;590.0;19.9;0.0;6.8;3.11;15;0;0;7
704;"SUINO, COSCIO";102.0;427.0;18.7;0.0;3.0;1.37;15;0;0;7
705;"SUINO, CUORE";159.0;665.0;18.3;0.4;9.4;2.71;15;0;0;7
706;"SUINO, FEGATO";140.0;586.0;22.8;1.5;4.8;1.48;15;0;0;7
707;"SUINO, SANGUE";78.0;326.0;19.0;0.1;0.2;0.01;15;0;0;7
708;"SURIMI";99.0;414.0;15.2;6.9;0.9;0.17;2;0;0;13
709;"TACCHINA [MELEAGRIS GALLOPAVO], PETTO";145.0;607.0;22.0;0.4;6.2;2.01;15;0;0;7
710;"TACCHINA, ALA";241.0;1008.0;22.3;0.0;16.9;5.11;15;0;0;7
711;"TACCHINA, COSCIA";253.0;1059.0;20.9;0.4;18.7;5.65;15;0;0;7
712;"TACCHINO [MELEAGRIS GALLOPAVO], INTERO";146.0;611.0;21.0;0.1;6.8;2.2;15;0;0;7
713;"TACCHINO, ALA";193.0;808.0;22.3;0.0;11.5;3.48;15;0;0;7
714;"TACCHINO, COSCIA";186.0;778.0;20.9;0.4;11.2;3.39;15;0;0;7
715;"TACCHINO, PETTO";134.0;561.0;22.0;0.4;4.9;1.59;15;0;0;7
716;"TALEGGIO";306.0;1280.0;20.6;2.0;24.8;15.39;7;0;0;6
717;"TAMARI, salsa di soia";60.0;251.0;10.5;4.8;0.1;0.01;6;0;0;1
718;"TAPIOCA [MANIHOT UTILISSIMA]";363.0;1519.0;0.6;95.8;0.2;0.05;15;0;0;1
719;"TARTUFO NERO [TUBER MELANOSPORUM]";31.0;130.0;6.0;0.7;0.5;0.11;15;0;0;1
720;"TE' DETEINATO, in foglie";108.0;452.0;19.6;3.0;2.0;0.44;15;0;0;1
721;"TE' DETEINATO, in tazza";2.0;2.0;0.1;2.0;2.0;2.0;15;0;0;1
722;"TE', in foglie";108.0;452.0;19.6;3.0;2.0;0.44;15;0;0;1
723;"TE', in tazza";2.0;2.0;0.1;2.0;2.0;2.0;15;0;0;1
724;"TEMPEH";166.0;695.0;20.7;6.4;6.4;0.92;6;0;0;2
725;"TIMO [THYMUS VULGARIS], fresco";95.0;397.0;3.0;15.1;2.5;0.69;15;0;0;11
726;"TIMO, secco macinato";276.0;1155.0;9.1;45.3;7.4;2.73;15;0;0;1
727;"TINCA [TINCA TINCA]";76.0;318.0;17.9;0.0;0.5;0.1;4;0;0;13
728;"TIRAMISU'";411.0;1720.0;13.2;33.5;25.8;14.32;1;3;7;2
729;"TISANA IN TAZZA";1.0;4.0;0.0;0.2;2.0;2.0;15;0;0;1
730;"TOFU";76.0;318.0;8.1;0.7;4.8;0.07;6;0;0;2
731;"TONNO [THUNNUS THYNNUS]";158.0;661.0;21.5;0.0;8.0;2.09;4;0;0;13
732;"TONNO IN SALAMOIA, SGOCCIOLATO";103.0;431.0;25.1;0.0;0.3;0.1;4;0;0;13
733;"TONNO SOTT'OLIO, SGOCCIOLATO";258.0;1079.0;22.8;0.0;18.5;3.13;4;0;0;13
734;"TORDO [TURDUS ERYCETORUM]";143.0;598.0;20.1;0.0;7.7;2.33;15;0;0;7
735;"TORRONE CON MANDORLE";479.0;2004.0;10.8;52.0;26.8;2.23;8;3;0;1
736;"TORTA AL CIOCCOLATO";315.0;1318.0;4.9;36.8;17.5;6.97;1;3;0;1
737;"TORTA MARGHERITA";368.0;1540.0;8.9;63.6;10.4;5.12;1;3;0;2
738;"TORTELLINI, freschi";310.0;1297.0;12.2;52.6;7.1;3.19;1;3;0;2
739;"TORTELLINI, secchi";389.0;1628.0;15.7;61.0;10.8;4.84;1;3;0;1
740;"TRIGLIA [MULLUS SURMULETUS]";123.0;515.0;15.8;1.1;6.2;1.62;4;0;0;13
741;"TROTA [SALMO TRUTTA]";86.0;360.0;14.7;0.0;3.0;0.7;4;0;0;13
742;"UOVO DI ANATRA";190.0;795.0;12.2;0.7;15.4;4.12;3;0;0;5
743;"UOVO DI GALLINA, ALBUME";47.0;197.0;10.9;0.8;2.0;0.0;3;0;0;5
744;"UOVO DI GALLINA, INTERO";156.0;653.0;13.0;1.0;11.1;3.31;3;0;0;5
745;"UOVO DI GALLINA, INTERO, IN POLVERE";574.0;2402.0;47.0;4.1;41.2;12.96;3;0;0;1
746;"UOVO DI GALLINA, TUORLO";355.0;1485.0;16.3;0.7;31.9;9.85;3;0;0;5
747;"UOVO DI OCA";189.0;791.0;13.8;1.0;14.4;3.6;3;0;0;5
748;"UOVO DI TACCHINA";147.0;615.0;12.8;1.0;10.2;3.64;3;0;0;5
749;"UVA [VITIS VINIFERA]";61.0;255.0;0.5;15.6;0.1;0.03;15;0;0;0
750;"UVA SULTANINA/UVETTA, UVA SECCA";283.0;1184.0;1.9;72.0;0.6;0.2;16;0;0;9
751;"VALERIANA [VALERIANELLA OLITORIA]";21.0;88.0;2.0;3.6;0.4;0.05;15;0;0;11
752;"VANIGLIA, estratto alcolico";288.0;1205.0;0.1;12.7;0.1;0.01;15;0;0;1
753;"VENTAGLIO O PETTINE [PECTEN JACOBEAUS]";88.0;368.0;16.8;2.4;0.8;0.08;14;0;0;13
754;"VERDURA E LEGUMI, SURGELATI";64.0;268.0;3.3;9.5;0.5;0.1;15;0;0;12
755;"VERMOUTH DOLCE";151.0;632.0;2.0;15.9;0.0;0.0;15;0;0;1
756;"VERMOUTH SECCO";109.0;456.0;0.1;3.0;0.0;0.0;15;0;0;1
757;"VINO BIANCO";71.0;297.0;0.1;0.1;0.0;0.0;12;0;0;1
758;"VINO ROSATO";71.0;297.0;0.1;2.5;0.0;0.0;12;0;0;1
759;"VINO ROSSO";76.0;318.0;0.1;0.2;0.0;0.0;12;0;0;1
760;"VITELLO [BOS TAURUS], CARNE MAGRA";92.0;385.0;20.7;0.1;1.0;0.36;15;0;0;7
761;"VITELLO, CARNE SEMIGRASSA";144.0;602.0;20.3;0.0;7.0;2.52;15;0;0;7
762;"VITELLO, CORATELLA";103.0;431.0;17.1;1.6;3.2;1.71;15;0;0;7
763;"VITELLONE [BOS TAURUS], CARNE SEMIGRASSA";160.0;669.0;19.1;0.0;9.3;3.94;15;0;0;7
764;"VITELLONE, CARNE GRASSA";204.0;854.0;18.1;0.0;14.6;6.18;15;0;0;7
765;"VITELLONE, CARNE MAGRA";113.0;473.0;21.3;0.0;3.1;1.31;15;0;0;7
766;"VITELLONE, tagli di carne grassa";155.0;649.0;20.2;0.0;8.3;3.51;15;0;0;7
767;"VITELLONE, tagli di carne magra";108.0;452.0;21.3;0.0;2.8;1.19;15;0;0;7
768;"VITELLONE, tagli di carne semigrassa";140.0;586.0;21.5;0.0;6.1;2.58;15;0;0;7
769;"VODKA";222.0;929.0;0.0;0.0;0.0;0.0;15;0;0;1
770;"VONGOLA [AMIGDALA DECUSSATA]";72.0;301.0;10.2;2.2;2.5;0.24;14;0;0;13
771;"VONGOLE IN SCATOLA, AL NATURALE";148.0;619.0;25.6;5.1;2.0;0.19;14;0;0;13
772;"WAKAME [UNDARIA spp], secca";71.0;297.0;12.4;2.0;2.4;0.49;15;0;0;1
773;"WHISKY";238.0;996.0;0.0;0.1;0.0;0.0;15;0;0;1
774;"WURSTEL";270.0;1130.0;13.7;1.4;23.3;6.94;15;0;0;7
775;"WURSTEL DI POLLO";257.0;1075.0;12.9;6.8;19.5;5.54;15;0;0;7
776;"WURSTEL DI TACCHINO";226.0;946.0;14.3;1.5;17.7;5.89;15;0;0;7
777;"YOGURT DI LATTE INTERO";63.0;264.0;3.5;3.6;3.9;2.07;7;0;0;6
778;"YOGURT DI LATTE INTERO AI CEREALI E MALTO";95.0;397.0;3.5;12.9;3.6;1.87;7;0;0;6
779;"YOGURT DI LATTE INTERO ALLA FRUTTA";88.0;368.0;2.8;12.6;3.3;1.75;7;0;0;6
780;"YOGURT DI LATTE MAGRO ALLA FRUTTA";90.0;377.0;4.1;17.9;0.7;0.39;7;0;0;6
781;"YOGURT DI LATTE PARZIALMENTE SCREMATO";43.0;180.0;3.4;3.8;1.7;0.95;7;0;0;6
782;"YOGURT DI LATTE SCREMATO";36.0;151.0;3.3;4.0;0.9;0.5;7;0;0;6
783;"ZAFFERANO [CROCUS SATIVUS]";310.0;1297.0;11.4;61.5;5.9;1.59;15;0;0;1
784;"ZAMPONE";360.0;1506.0;19.1;0.0;31.6;10.35;15;0;0;7
785;"ZUCCA GIALLA [CUCURBITA MAXIMA]";18.0;75.0;1.1;3.5;0.1;0.05;15;0;0;11
786;"ZUCCHERO (Saccarosio)";392.0;1640.0;0.0;104.5;0.0;0.0;15;0;0;1
787;"ZUCCHERO DI CANNA, GREZZO";362.0;1515.0;0.1;101.3;0.0;0.0;15;0;0;1
788;"ZUCCHINE [CUCURBITA PEPO]";11.0;46.0;1.3;1.4;0.1;0.02;15;0;0;1
789;"ESTRATTO VEGETALE";152.0;0.0;7.4;26.3;1.9;0.0;15;0;0;2
790;"PREPARATO DI PESCE SURGELATO";87.0;0.0;10.0;1.0;1.7;0.0;4;0;0;14
791;"VONGOLE SURGELATE";72.0;0.0;10.2;2.2;2.5;0.0;14;0;0;14
792;"MINESTRONE SURGELATO";49.0;0.0;2.4;17.0;0.7;0.0;15;0;0;12
793;"CHIODI DI GAROFANO";0.0;0.0;0.0;0.0;0.0;0.0;15;0;0;1
794;"UOVA INTERE PASTORIZZATE";138.0;0.0;13.0;0.0;9.5;0.0;3;0;0;5
795;"FILETTO DI PLATESSA";81.0;0.0;17.3;0.0;1.3;0.0;4;0;0;13
796;"ANELLI DI TOTANI SURGELATI";101.0;0.0;16.0;0.0;1.0;0.0;4;0;0;13
797;"COSTINE";20.0;0.0;1.3;2.8;0.1;0.0;15;0;0;7
798;"PATATE FRITTE SURGELATE";153.0;0.0;2.5;21.0;6.0;0.0;15;0;0;12
799;"ASPARAGI SURGELATI";20.0;0.0;2.4;2.0;0.0;0.0;15;0;0;12
800;"ASPARAGI SURGELATI";20.0;0.0;2.4;2.0;0.0;0.0;15;0;0;12
803;"CURRY";4.0;0.0;1.0;0.0;0.0;0.0;15;0;0;1
804;"PESTO ALLA GENOVESE";450.0;0.0;6.7;8.7;47.5;0.0;15;0;0;2
805;"INSALATA VERDE";19.0;0.0;1.8;2.2;0.4;0.0;15;0;0;11
807;"CECI /SCATOLA";105.0;0.0;5.3;18.2;1.4;0.0;15;0;0;1
808;"AFFETTATO DI POLLO";96.0;0.0;16.0;4.9;1.4;0.0;15;0;0;7
809;"MAIALE BRACIOLA";157.0;0.0;21.3;0.0;8.0;0.0;15;0;0;7
810;"NASELLO";75.0;0.0;17.3;0.0;0.6;0.0;4;0;0;13
811;"EMMENTHAL";403.0;0.0;28.5;3.6;30.6;0.0;7;0;0;6
812;"ROAST BEEF DI PROSCIUTTO FRULLATO";141.0;0.0;15.0;3.2;7.4;0.0;15;0;0;7
813;"TACCHINO AL DRAGONCELLO FRULLATO";141.0;0.0;15.0;3.2;7.4;0.0;15;0;0;7
814;"NASELLO BURRO E LIMONE FRULLATO";141.0;0.0;15.0;3.2;7.4;0.0;7;4;0;2
815;"MAIALE PIZZAIOLA FRULLATO";141.0;0.0;15.0;3.4;7.4;0.0;1;0;0;7
816;"MANZO CON CAROTE FRULLATO";141.0;0.0;15.0;3.4;7.4;0.0;15;0;0;7
817;"POLLO AL LIMONE FRULLATO";141.0;0.0;15.0;3.2;7.4;0.0;15;0;0;7
818;"SPEZZATINO DI VITELLO FRULLATO";141.0;0.0;15.0;3.2;7.4;0.0;15;0;0;7
819;"NASELLO ACETOSA FRULLATO";141.0;0.0;15.0;3.2;7.4;0.0;4;0;0;13
820;"OSSOBUCO FRULLATO";141.0;0.0;15.0;3.2;7.4;0.0;15;0;0;7
821;"POLLO IN FRICASSEA FRULLATO";141.0;0.0;15.0;3.2;7.4;0.0;15;0;0;7
822;"RATATOUILLE FRULLATA";64.0;0.0;3.0;8.4;0.0;0.0;16;0;0;2
823;"PUREA DI SEDANO FRULLATA";64.0;0.0;3.0;8.4;1.5;0.0;9;0;0;11
824;"LENTICCHIE ALLE VERDURE FRULLATE";77.0;0.0;4.7;13.0;5.1;0.0;15;0;0;2
825;"VERDURE PRIMAVERILI FRULLATE";64.0;0.0;3.0;8.4;1.5;0.0;15;0;0;2
826;"PUREA DI CAROTE FRULLATA";64.0;0.0;3.0;8.4;1.5;0.0;15;0;0;2
827;"PUREA DI FAGIOLINI FRULLATA";64.0;0.0;3.0;8.4;1.5;0.0;15;0;0;2
828;"NASELLO BURRO E LIMONE FRULLATO";142.0;0.0;15.0;3.7;7.5;0.0;7;4;0;2
829;"PASTINA APROTEICA IN BRODO";355.0;0.0;0.5;81.0;1.6;0.0;15;0;0;2
830;"PASTA APROTEICA";351.0;0.0;0.5;81.0;1.1;0.0;15;0;0;1
831;"PASTA DI MAIS";357.0;0.0;7.4;79.26;2.0;0.0;15;0;0;1
832;"TONNO IN SCATOLA";103.0;0.0;25.1;0.0;10.0;0.0;4;0;0;1
833;"AGNOLOTTI";265.0;0.0;10.6;40.7;7.3;0.0;1;3;0;2
834;"GNOCCHI";164.0;0.0;3.9;37.9;0.3;0.0;1;3;0;2
835;"CIME DI RAPA";27.0;11.2;2.6;2.8;0.1;0.0;15;0;0;11
836;"AROMI";20.0;0.0;3.7;2.0;0.6;0.0;15;0;0;1
837;"FARRO";61.0;255.0;5.0;10.7;0.4;0.05;1;0;0;1
838;"MANZO AFFUMICATO";117.0;492.0;23.1;0.4;2.0;0.0;15;0;0;7
839;"UOVO DI GALLINA, SODO";156.0;0.0;13.0;0.0;11.1;0.0;3;0;0;5
840;"Riso Venere";0.0;0.0;0.0;0.0;0.0;0.0;15;0;0;1
